timestamp,Open,High,Low,Close,Volume,symbol,updated_at
2016-08-19,625.0,625.0,620.725,623.55,2055318,HDFCBANK,2020-04-17 03:06:45
2016-08-22,622.525,627.225,620.5,625.15,2750646,HDFCBANK,2020-04-17 03:06:45
2016-08-23,625.5,627.0,623.025,625.725,2657262,HDFCBANK,2020-04-17 03:06:45
2016-08-24,626.025,632.1,623.525,630.9,2785468,HDFCBANK,2020-04-17 03:06:45
2016-08-25,632.0,633.4,627.15,629.275,4364944,HDFCBANK,2020-04-17 03:06:45
2016-08-26,630.0,630.95,626.95,628.55,1260568,HDFCBANK,2020-04-17 03:06:45
2016-08-29,627.75,627.75,618.1,619.05,1472092,HDFCBANK,2020-04-17 03:06:45
2016-08-30,622.55,635.25,621.975,634.325,4933804,HDFCBANK,2020-04-17 03:06:45
2016-08-31,634.5,647.5,632.75,645.6,5580682,HDFCBANK,2020-04-17 03:06:45
2016-09-01,644.0,645.0,637.7,641.85,2612338,HDFCBANK,2020-04-17 03:06:45
2016-09-02,642.75,644.5,640.575,642.55,1977594,HDFCBANK,2020-04-17 03:06:45
2016-09-06,645.025,651.95,645.025,650.2,2754442,HDFCBANK,2020-04-17 03:06:45
2016-09-07,650.5,652.5,641.55,643.375,2008222,HDFCBANK,2020-04-17 03:06:45
2016-09-08,645.0,647.625,641.8,644.7,1452690,HDFCBANK,2020-04-17 03:06:45
2016-09-09,645.0,647.25,639.15,645.2,2006884,HDFCBANK,2020-04-17 03:06:45
2016-09-12,637.35,642.2,635.75,639.95,1992864,HDFCBANK,2020-04-17 03:06:45
2016-09-14,637.5,638.5,632.7,634.725,1924754,HDFCBANK,2020-04-17 03:06:45
2016-09-15,636.0,641.95,634.925,639.8,1750906,HDFCBANK,2020-04-17 03:06:45
2016-09-16,641.9,652.25,641.9,648.925,3262908,HDFCBANK,2020-04-17 03:06:45
2016-09-19,648.5,651.25,644.0,645.075,2947416,HDFCBANK,2020-04-17 03:06:45
2016-09-20,646.325,647.5,642.025,644.225,1889124,HDFCBANK,2020-04-17 03:06:45
2016-09-21,646.0,649.0,643.95,646.5,2128200,HDFCBANK,2020-04-17 03:06:45
2016-09-22,652.5,658.475,650.275,653.45,3277900,HDFCBANK,2020-04-17 03:06:45
2016-09-23,653.025,659.225,650.75,656.35,2438404,HDFCBANK,2020-04-17 03:06:45
2016-09-26,653.05,654.45,646.85,648.075,2788386,HDFCBANK,2020-04-17 03:06:45
2016-09-27,649.5,653.075,647.425,649.025,2028406,HDFCBANK,2020-04-17 03:06:45
2016-09-28,649.95,650.0,644.5,647.625,2494826,HDFCBANK,2020-04-17 03:06:45
2016-09-29,648.975,653.0,633.975,638.75,8225006,HDFCBANK,2020-04-17 03:06:45
2016-09-30,638.55,640.5,633.7,636.425,2069214,HDFCBANK,2020-04-17 03:06:44
2016-10-03,640.5,644.95,638.2,643.6,1950274,HDFCBANK,2020-04-17 03:06:44
2016-10-04,644.3,647.5,641.15,644.775,1387756,HDFCBANK,2020-04-17 03:06:44
2016-10-05,649.0,650.025,638.2,643.05,1823510,HDFCBANK,2020-04-17 03:06:44
2016-10-06,643.55,647.8,639.525,640.975,1447856,HDFCBANK,2020-04-17 03:06:44
2016-10-07,642.0,643.875,638.125,640.3,1668732,HDFCBANK,2020-04-17 03:06:44
2016-10-10,642.5,643.95,639.375,642.175,2359656,HDFCBANK,2020-04-17 03:06:44
2016-10-13,639.5,639.5,628.225,631.375,2259678,HDFCBANK,2020-04-17 03:06:44
2016-10-14,632.875,634.0,627.0,630.9,2033558,HDFCBANK,2020-04-17 03:06:44
2016-10-17,632.75,633.2,616.375,618.85,2567680,HDFCBANK,2020-04-17 03:06:44
2016-10-18,621.6,630.0,619.5,628.925,1305484,HDFCBANK,2020-04-17 03:06:44
2016-10-19,630.55,631.5,624.0,629.175,1522452,HDFCBANK,2020-04-17 03:06:44
2016-10-20,630.125,633.725,625.5,627.75,1600178,HDFCBANK,2020-04-17 03:06:44
2016-10-21,628.0,636.475,625.0,635.35,1978204,HDFCBANK,2020-04-17 03:06:44
2016-10-24,635.875,638.425,630.525,631.775,1627832,HDFCBANK,2020-04-17 03:06:44
2016-10-25,634.0,634.0,622.025,625.15,2750898,HDFCBANK,2020-04-17 03:06:44
2016-10-26,621.675,632.5,617.525,619.65,2683270,HDFCBANK,2020-04-17 03:06:44
2016-10-27,619.5,628.5,612.075,626.05,5811930,HDFCBANK,2020-04-17 03:06:44
2016-10-28,627.25,630.95,620.05,629.525,2660268,HDFCBANK,2020-04-17 03:06:44
2016-10-30,1263.3,1263.3,1250.0,1253.3,191554,HDFCBANK,2020-04-16 23:54:18
2016-11-01,628.0,631.925,623.525,629.9,1701208,HDFCBANK,2020-04-17 03:06:44
2016-11-02,625.55,627.85,620.75,623.075,3237216,HDFCBANK,2020-04-17 03:06:44
2016-11-03,622.5,630.0,615.875,627.475,3157906,HDFCBANK,2020-04-17 03:06:44
2016-11-04,626.4,626.4,620.875,621.85,2867460,HDFCBANK,2020-04-17 03:06:44
2016-11-07,626.0,627.425,620.0,624.725,2835696,HDFCBANK,2020-04-17 03:06:44
2016-11-08,625.55,629.0,620.05,627.15,2674082,HDFCBANK,2020-04-17 03:06:44
2016-11-09,600.0,628.7,597.675,625.625,6822734,HDFCBANK,2020-04-17 03:06:44
2016-11-10,631.875,641.5,627.05,639.275,5350368,HDFCBANK,2020-04-17 03:06:44
2016-11-11,637.0,641.0,632.8,637.9,3569660,HDFCBANK,2020-04-17 03:06:44
2016-11-15,638.75,644.5,625.325,627.375,6256262,HDFCBANK,2020-04-17 03:06:44
2016-11-16,634.0,634.0,620.025,622.175,4323872,HDFCBANK,2020-04-17 03:06:44
2016-11-17,619.15,624.45,612.575,615.1,2407812,HDFCBANK,2020-04-17 03:06:44
2016-11-18,618.0,618.0,604.6,605.7,3439950,HDFCBANK,2020-04-17 03:06:44
2016-11-21,609.75,609.75,594.175,599.35,2776260,HDFCBANK,2020-04-17 03:06:44
2016-11-22,603.4,603.4,594.675,599.025,5008892,HDFCBANK,2020-04-17 03:06:44
2016-11-23,601.5,601.5,590.55,592.375,1766346,HDFCBANK,2020-04-17 03:06:44
2016-11-24,592.0,593.15,580.45,582.75,7642998,HDFCBANK,2020-04-17 03:06:44
2016-11-25,584.5,596.6,579.0,594.65,2984980,HDFCBANK,2020-04-17 03:06:44
2016-11-28,590.125,599.45,589.05,592.225,2065090,HDFCBANK,2020-04-17 03:06:44
2016-11-29,592.35,596.475,588.25,589.375,1966322,HDFCBANK,2020-04-17 03:06:44
2016-11-30,592.5,601.0,590.55,599.8,3221420,HDFCBANK,2020-04-17 03:06:44
2016-12-01,601.15,603.95,596.5,598.625,2238492,HDFCBANK,2020-04-17 03:06:44
2016-12-02,594.5,600.975,588.35,594.55,2031336,HDFCBANK,2020-04-17 03:06:44
2016-12-05,593.8,599.475,588.25,598.175,2275968,HDFCBANK,2020-04-17 03:06:44
2016-12-06,597.5,601.425,595.1,597.225,1351482,HDFCBANK,2020-04-17 03:06:44
2016-12-07,600.925,602.95,583.5,590.8,2814096,HDFCBANK,2020-04-17 03:06:44
2016-12-08,593.5,602.775,593.5,599.75,2154848,HDFCBANK,2020-04-17 03:06:44
2016-12-09,599.55,601.15,594.0,599.15,2193976,HDFCBANK,2020-04-17 03:06:44
2016-12-12,596.0,596.075,590.55,592.225,1712636,HDFCBANK,2020-04-17 03:06:44
2016-12-13,590.125,595.175,589.275,593.125,1263434,HDFCBANK,2020-04-17 03:06:44
2016-12-14,593.5,594.0,586.7,587.85,2157072,HDFCBANK,2020-04-17 03:06:44
2016-12-15,582.1,597.25,581.8,588.3,2470744,HDFCBANK,2020-04-17 03:06:44
2016-12-16,588.3,592.5,585.775,591.15,1627914,HDFCBANK,2020-04-17 03:06:44
2016-12-19,588.4,589.75,585.25,588.375,1580218,HDFCBANK,2020-04-17 03:06:44
2016-12-20,588.0,592.5,585.85,590.95,2094996,HDFCBANK,2020-04-17 03:06:44
2016-12-21,592.0,592.5,587.5,590.0,1329438,HDFCBANK,2020-04-17 03:06:44
2016-12-22,588.2,589.75,584.2,586.55,1402858,HDFCBANK,2020-04-17 03:06:44
2016-12-23,585.5,594.625,584.65,593.125,2376258,HDFCBANK,2020-04-17 03:06:44
2016-12-26,589.275,593.05,585.05,587.5,2091932,HDFCBANK,2020-04-17 03:06:44
2016-12-27,589.65,593.45,586.95,592.6,2449648,HDFCBANK,2020-04-17 03:06:44
2016-12-28,594.95,597.475,590.5,593.375,3253920,HDFCBANK,2020-04-17 03:06:44
2016-12-29,592.5,603.975,590.725,602.6,4050408,HDFCBANK,2020-04-17 03:06:43
2016-12-30,600.0,606.0,599.975,603.1,2033270,HDFCBANK,2020-04-17 03:06:43
2017-01-02,604.725,605.05,596.025,598.55,1854328,HDFCBANK,2020-04-17 03:06:43
2017-01-03,600.4,600.975,592.875,594.95,1923750,HDFCBANK,2020-04-17 03:06:43
2017-01-04,594.925,596.0,591.9,592.75,3483560,HDFCBANK,2020-04-17 03:06:43
2017-01-05,594.5,597.25,591.55,593.1,3388192,HDFCBANK,2020-04-17 03:06:43
2017-01-06,595.05,599.2,594.1,596.825,2762630,HDFCBANK,2020-04-17 03:06:43
2017-01-09,599.425,602.075,596.075,597.6,2286898,HDFCBANK,2020-04-17 03:06:43
2017-01-10,598.1,608.4,597.65,607.175,2773058,HDFCBANK,2020-04-17 03:06:43
2017-01-11,608.75,619.05,607.75,617.0,4671702,HDFCBANK,2020-04-17 03:06:43
2017-01-12,617.5,621.85,612.75,617.5,1458158,HDFCBANK,2020-04-17 03:06:43
2017-01-13,619.5,619.85,614.3,616.25,1925206,HDFCBANK,2020-04-17 03:06:43
2017-01-16,616.75,624.725,616.4,623.825,1882932,HDFCBANK,2020-04-17 03:06:43
2017-01-17,623.5,626.2,618.125,619.25,1779806,HDFCBANK,2020-04-17 03:06:43
2017-01-18,620.45,628.0,620.425,621.3,2306444,HDFCBANK,2020-04-17 03:06:43
2017-01-19,622.45,622.45,617.5,618.15,1756206,HDFCBANK,2020-04-17 03:06:43
2017-01-20,618.0,622.5,615.0,618.175,6971034,HDFCBANK,2020-04-17 03:06:43
2017-01-23,618.0,625.0,617.9,622.325,2396924,HDFCBANK,2020-04-17 03:06:43
2017-01-24,625.0,635.75,624.625,633.775,5130932,HDFCBANK,2020-04-17 03:06:43
2017-01-25,636.3,647.8,635.05,645.3,7818492,HDFCBANK,2020-04-17 03:06:43
2017-01-27,649.5,650.0,644.0,645.95,3426118,HDFCBANK,2020-04-17 03:06:43
2017-01-30,646.475,646.475,640.275,642.475,2659814,HDFCBANK,2020-04-17 03:06:43
2017-01-31,641.2,646.35,638.5,643.325,3050520,HDFCBANK,2020-04-17 03:06:43
2017-02-01,643.1,655.0,640.25,652.85,5455332,HDFCBANK,2020-04-17 03:06:43
2017-02-02,652.85,652.85,646.3,649.35,2985818,HDFCBANK,2020-04-17 03:06:43
2017-02-03,649.5,658.0,648.25,655.525,4002552,HDFCBANK,2020-04-17 03:06:43
2017-02-06,656.15,660.0,655.725,657.05,2155110,HDFCBANK,2020-04-17 03:06:43
2017-02-07,658.0,659.0,651.475,653.575,1705960,HDFCBANK,2020-04-17 03:06:43
2017-02-08,653.775,659.35,649.075,652.825,2470480,HDFCBANK,2020-04-17 03:06:43
2017-02-09,654.7,659.95,646.275,648.825,2232688,HDFCBANK,2020-04-17 03:06:43
2017-02-10,649.175,654.375,649.0,651.8,1648368,HDFCBANK,2020-04-17 03:06:43
2017-02-13,653.775,657.5,649.6,655.1,1397896,HDFCBANK,2020-04-17 03:06:43
2017-02-14,657.0,657.0,652.0,655.55,1223030,HDFCBANK,2020-04-17 03:06:43
2017-02-15,656.0,662.0,653.725,661.1,3063470,HDFCBANK,2020-04-17 03:06:43
2017-02-16,661.5,666.5,660.125,663.95,2521850,HDFCBANK,2020-04-17 03:06:43
2017-02-17,722.5,727.0,680.225,688.525,201129980,HDFCBANK,2020-04-17 03:06:43
2017-02-20,680.6,707.725,679.575,704.55,5283358,HDFCBANK,2020-04-17 03:06:43
2017-02-21,703.025,710.9,698.7,707.775,3130014,HDFCBANK,2020-04-17 03:06:43
2017-02-22,707.5,709.4,697.425,699.575,2648388,HDFCBANK,2020-04-17 03:06:43
2017-02-23,701.9,710.675,693.525,697.15,17247490,HDFCBANK,2020-04-17 03:06:43
2017-02-27,695.45,699.175,689.3,696.8,2340688,HDFCBANK,2020-04-17 03:06:43
2017-02-28,696.45,698.125,692.25,695.05,1464004,HDFCBANK,2020-04-17 03:06:43
2017-03-01,698.225,698.25,693.2,695.825,1740868,HDFCBANK,2020-04-17 03:06:43
2017-03-02,697.275,698.0,688.125,690.05,2300994,HDFCBANK,2020-04-17 03:06:43
2017-03-03,692.25,692.25,684.5,688.5,1246412,HDFCBANK,2020-04-17 03:06:43
2017-03-06,688.4,694.95,686.55,690.375,1839562,HDFCBANK,2020-04-17 03:06:43
2017-03-07,691.125,693.75,688.1,693.1,1556438,HDFCBANK,2020-04-17 03:06:43
2017-03-08,693.95,699.6,690.525,696.1,1891072,HDFCBANK,2020-04-17 03:06:43
2017-03-09,690.825,699.35,690.825,697.1,1754658,HDFCBANK,2020-04-17 03:06:43
2017-03-10,697.5,704.0,696.575,700.05,2930352,HDFCBANK,2020-04-17 03:06:43
2017-03-14,711.05,712.075,703.325,705.35,3577510,HDFCBANK,2020-04-17 03:06:43
2017-03-15,705.475,710.0,705.275,708.3,2135930,HDFCBANK,2020-04-17 03:06:43
2017-03-16,709.05,711.425,706.825,708.675,2490054,HDFCBANK,2020-04-17 03:06:43
2017-03-17,709.275,713.75,706.425,712.925,1695232,HDFCBANK,2020-04-17 03:06:43
2017-03-20,713.325,719.925,712.975,718.05,4071172,HDFCBANK,2020-04-17 03:06:43
2017-03-21,717.0,722.5,717.0,720.475,2778640,HDFCBANK,2020-04-17 03:06:43
2017-03-22,713.85,718.5,712.9,715.45,2818272,HDFCBANK,2020-04-17 03:06:43
2017-03-23,717.2,717.5,711.45,715.45,2461236,HDFCBANK,2020-04-17 03:06:43
2017-03-24,716.5,717.225,711.0,712.175,1905182,HDFCBANK,2020-04-17 03:06:43
2017-03-27,712.0,712.0,702.025,704.925,2932042,HDFCBANK,2020-04-17 03:06:43
2017-03-28,709.15,712.35,706.55,710.1,4030700,HDFCBANK,2020-04-17 03:06:43
2017-03-29,710.4,717.4,710.0,714.3,4287886,HDFCBANK,2020-04-17 03:06:42
2017-03-30,714.0,739.975,712.525,733.1,17160546,HDFCBANK,2020-04-17 03:06:42
2017-03-31,726.9,727.0,718.275,721.275,4825696,HDFCBANK,2020-04-17 03:06:42
2017-04-03,723.0,725.05,713.0,716.6,2074526,HDFCBANK,2020-04-17 03:06:42
2017-04-05,717.625,723.25,713.775,716.175,2872040,HDFCBANK,2020-04-17 03:06:42
2017-04-06,715.75,721.5,712.525,719.25,3062208,HDFCBANK,2020-04-17 03:06:42
2017-04-07,715.525,722.5,714.3,719.425,2324180,HDFCBANK,2020-04-17 03:06:42
2017-04-10,721.5,721.5,716.325,717.075,1696938,HDFCBANK,2020-04-17 03:06:42
2017-04-11,717.0,720.6,715.75,719.75,2178130,HDFCBANK,2020-04-17 03:06:42
2017-04-12,719.5,724.975,717.75,721.85,1782546,HDFCBANK,2020-04-17 03:06:42
2017-04-13,721.5,724.45,718.525,720.15,2402118,HDFCBANK,2020-04-17 03:06:42
2017-04-17,720.15,721.9,714.125,718.4,3568528,HDFCBANK,2020-04-17 03:06:42
2017-04-18,720.0,727.5,719.0,723.65,1819430,HDFCBANK,2020-04-17 03:06:42
2017-04-19,723.5,728.375,719.0,724.5,2169072,HDFCBANK,2020-04-17 03:06:42
2017-04-20,726.5,733.025,726.475,731.075,2890686,HDFCBANK,2020-04-17 03:06:42
2017-04-21,733.0,749.5,726.65,748.3,8629016,HDFCBANK,2020-04-17 03:06:42
2017-04-24,749.05,769.5,748.5,766.525,10103476,HDFCBANK,2020-04-17 03:06:42
2017-04-25,767.525,772.75,764.8,768.525,4528890,HDFCBANK,2020-04-17 03:06:42
2017-04-26,771.475,776.5,734.225,775.325,3897926,HDFCBANK,2020-04-17 03:06:42
2017-04-27,773.05,786.975,773.05,784.3,8090210,HDFCBANK,2020-04-17 03:06:42
2017-04-28,779.95,779.95,768.55,773.25,2718864,HDFCBANK,2020-04-17 03:06:42
2017-05-02,773.5,775.45,765.175,770.3,2003520,HDFCBANK,2020-04-17 03:06:42
2017-05-03,777.125,777.125,769.675,772.15,1253982,HDFCBANK,2020-04-17 03:06:42
2017-05-04,769.625,771.45,761.3,767.4,2565514,HDFCBANK,2020-04-17 03:06:42
2017-05-05,771.05,771.45,763.15,766.1,1378948,HDFCBANK,2020-04-17 03:06:42
2017-05-08,769.0,770.0,764.275,767.4,1873626,HDFCBANK,2020-04-17 03:06:42
2017-05-09,767.4,772.8,766.325,767.875,1672918,HDFCBANK,2020-04-17 03:06:42
2017-05-10,770.0,777.5,768.525,775.9,1171122,HDFCBANK,2020-04-17 03:06:42
2017-05-11,775.5,780.0,770.5,773.2,1937872,HDFCBANK,2020-04-17 03:06:42
2017-05-12,772.95,778.45,768.1,775.825,3073802,HDFCBANK,2020-04-17 03:06:42
2017-05-15,775.0,778.6,771.125,776.7,1402390,HDFCBANK,2020-04-17 03:06:42
2017-05-16,777.5,781.0,774.125,779.825,1795188,HDFCBANK,2020-04-17 03:06:42
2017-05-17,779.4,782.7,775.75,778.575,1736236,HDFCBANK,2020-04-17 03:06:42
2017-05-18,774.5,780.75,774.05,778.55,1553640,HDFCBANK,2020-04-17 03:06:42
2017-05-19,779.75,784.95,772.625,780.625,1427068,HDFCBANK,2020-04-17 03:06:42
2017-05-22,782.55,790.0,781.55,788.0,1430026,HDFCBANK,2020-04-17 03:06:42
2017-05-23,790.0,791.775,782.5,784.55,1540086,HDFCBANK,2020-04-17 03:06:42
2017-05-24,784.525,787.725,781.0,783.375,1733694,HDFCBANK,2020-04-17 03:06:42
2017-05-25,783.55,814.7,783.55,808.575,10045402,HDFCBANK,2020-04-17 03:06:42
2017-05-26,803.325,816.0,800.55,813.0,2721578,HDFCBANK,2020-04-17 03:06:42
2017-05-29,809.9,824.0,808.825,815.95,2958170,HDFCBANK,2020-04-17 03:06:42
2017-05-30,815.0,816.75,808.075,814.525,2217092,HDFCBANK,2020-04-17 03:06:42
2017-05-31,812.5,821.5,811.575,818.1,2659456,HDFCBANK,2020-04-17 03:06:42
2017-06-01,819.5,819.925,810.275,814.3,1679770,HDFCBANK,2020-04-17 03:06:42
2017-06-02,817.0,823.05,813.1,817.125,1606772,HDFCBANK,2020-04-17 03:06:42
2017-06-05,816.85,819.475,812.5,817.775,1449950,HDFCBANK,2020-04-17 03:06:42
2017-06-06,817.5,821.9,815.0,819.475,2501316,HDFCBANK,2020-04-17 03:06:42
2017-06-07,820.2,822.45,815.175,820.4,1277138,HDFCBANK,2020-04-17 03:06:42
2017-06-08,821.95,829.7,820.825,822.375,2124384,HDFCBANK,2020-04-17 03:06:42
2017-06-09,820.05,835.0,820.05,833.4,2652636,HDFCBANK,2020-04-17 03:06:42
2017-06-12,832.0,838.0,830.0,834.375,1985706,HDFCBANK,2020-04-17 03:06:42
2017-06-13,830.875,845.95,830.5,838.35,2525810,HDFCBANK,2020-04-17 03:06:42
2017-06-14,837.5,839.975,833.5,835.6,1929180,HDFCBANK,2020-04-17 03:06:42
2017-06-15,834.0,837.8,826.8,832.175,1763346,HDFCBANK,2020-04-17 03:06:42
2017-06-16,832.5,837.35,829.05,834.625,1877552,HDFCBANK,2020-04-17 03:06:41
2017-06-19,835.5,848.0,834.2,846.45,1912766,HDFCBANK,2020-04-17 03:06:41
2017-06-20,845.0,847.0,839.925,843.275,1830132,HDFCBANK,2020-04-17 03:06:41
2017-06-21,841.3,850.625,839.8,849.35,1705466,HDFCBANK,2020-04-17 03:06:41
2017-06-22,847.475,858.0,845.6,849.0,3337730,HDFCBANK,2020-04-17 03:06:41
2017-06-23,851.0,851.375,837.6,839.325,2608734,HDFCBANK,2020-04-17 03:06:41
2017-06-27,844.5,847.5,828.125,833.825,3000216,HDFCBANK,2020-04-17 03:06:41
2017-06-28,832.5,837.5,828.9,833.225,2224518,HDFCBANK,2020-04-17 03:06:41
2017-06-29,833.5,840.95,825.55,831.525,4593854,HDFCBANK,2020-04-17 03:06:41
2017-06-30,826.9,830.0,821.5,826.025,2165216,HDFCBANK,2020-04-17 03:06:41
2017-07-03,826.3,833.75,823.625,829.3,1752166,HDFCBANK,2020-04-17 03:06:41
2017-07-04,830.125,833.35,826.0,826.675,1883040,HDFCBANK,2020-04-17 03:06:41
2017-07-05,826.55,829.75,822.5,824.375,2007100,HDFCBANK,2020-04-17 03:06:41
2017-07-06,826.275,831.5,825.675,829.075,2285838,HDFCBANK,2020-04-17 03:06:41
2017-07-07,830.425,834.8,829.0,833.6,2758698,HDFCBANK,2020-04-17 03:06:41
2017-07-10,834.0,874.0,830.525,838.175,654626,HDFCBANK,2020-04-17 03:06:41
2017-07-11,838.775,845.4,833.55,840.2,2205140,HDFCBANK,2020-04-17 03:06:41
2017-07-12,840.0,842.5,829.275,840.625,2869446,HDFCBANK,2020-04-17 03:06:41
2017-07-13,844.0,846.65,839.825,841.775,2240502,HDFCBANK,2020-04-17 03:06:41
2017-07-14,841.95,843.025,836.0,839.975,1221626,HDFCBANK,2020-04-17 03:06:41
2017-07-17,841.275,843.825,838.5,841.175,1199670,HDFCBANK,2020-04-17 03:06:41
2017-07-18,839.85,843.925,838.675,841.775,1161094,HDFCBANK,2020-04-17 03:06:41
2017-07-19,842.5,848.1,840.925,846.15,1993622,HDFCBANK,2020-04-17 03:06:41
2017-07-20,846.95,857.5,844.075,855.45,1849238,HDFCBANK,2020-04-17 03:06:41
2017-07-21,857.05,857.625,850.0,851.525,1936754,HDFCBANK,2020-04-17 03:06:41
2017-07-24,855.0,870.0,847.5,867.55,9839088,HDFCBANK,2020-04-17 03:06:41
2017-07-25,879.5,879.5,866.525,869.825,5580234,HDFCBANK,2020-04-17 03:06:41
2017-07-26,871.0,877.5,866.25,873.775,1947672,HDFCBANK,2020-04-17 03:06:41
2017-07-27,878.0,899.4,875.775,894.825,8980856,HDFCBANK,2020-04-17 03:06:41
2017-07-28,886.0,893.25,880.55,889.25,4627698,HDFCBANK,2020-04-17 03:06:41
2017-07-31,888.775,895.5,883.275,892.2,3684570,HDFCBANK,2020-04-17 03:06:41
2017-08-01,890.925,904.575,886.1,898.6,4258430,HDFCBANK,2020-04-17 03:06:41
2017-08-02,903.5,903.5,891.025,895.825,3698958,HDFCBANK,2020-04-17 03:06:41
2017-08-03,894.0,896.0,887.2,889.975,2128392,HDFCBANK,2020-04-17 03:06:41
2017-08-04,888.5,898.375,883.075,895.125,1772534,HDFCBANK,2020-04-17 03:06:41
2017-08-07,893.0,898.225,892.5,894.275,959330,HDFCBANK,2020-04-17 03:06:41
2017-08-08,896.05,898.625,883.05,888.95,2017686,HDFCBANK,2020-04-17 03:06:41
2017-08-09,885.5,888.525,879.175,882.225,1635028,HDFCBANK,2020-04-17 03:06:41
2017-08-10,880.0,883.0,876.425,880.225,3894222,HDFCBANK,2020-04-17 03:06:41
2017-08-11,872.5,879.0,865.575,874.525,3179918,HDFCBANK,2020-04-17 03:06:41
2017-08-14,876.5,887.475,874.0,878.6,1788542,HDFCBANK,2020-04-17 03:06:41
2017-08-16,881.175,894.9,874.275,890.625,2213416,HDFCBANK,2020-04-17 03:06:41
2017-08-17,888.125,890.475,876.875,882.7,2727434,HDFCBANK,2020-04-17 03:06:41
2017-08-18,880.0,880.5,871.5,876.075,1853732,HDFCBANK,2020-04-17 03:06:41
2017-08-21,877.0,879.5,869.1,871.6,2004862,HDFCBANK,2020-04-17 03:06:41
2017-08-22,875.65,877.0,868.4,873.5,3304778,HDFCBANK,2020-04-17 03:06:41
2017-08-23,875.0,888.975,875.0,886.225,1680262,HDFCBANK,2020-04-17 03:06:41
2017-08-24,887.45,887.475,879.575,881.25,3939138,HDFCBANK,2020-04-17 03:06:41
2017-08-28,881.2,885.575,879.175,881.125,753892,HDFCBANK,2020-04-17 03:06:41
2017-08-29,879.5,879.5,869.0,873.075,2459298,HDFCBANK,2020-04-17 03:06:41
2017-08-30,875.975,885.0,875.025,884.275,1347160,HDFCBANK,2020-04-17 03:06:41
2017-08-31,886.0,889.925,878.2,888.225,3651718,HDFCBANK,2020-04-17 03:06:41
2017-09-01,890.5,890.725,880.55,883.8,1147586,HDFCBANK,2020-04-17 03:06:41
2017-09-04,882.5,882.5,873.05,875.45,1821262,HDFCBANK,2020-04-17 03:06:41
2017-09-05,878.5,882.45,875.5,877.675,1841218,HDFCBANK,2020-04-17 03:06:41
2017-09-06,871.875,881.4,869.0,879.95,2875816,HDFCBANK,2020-04-17 03:06:41
2017-09-07,880.05,888.375,880.05,883.275,3473210,HDFCBANK,2020-04-17 03:06:40
2017-09-08,886.7,895.0,885.5,893.825,4155832,HDFCBANK,2020-04-17 03:06:40
2017-09-11,896.5,914.5,895.1,911.675,5738838,HDFCBANK,2020-04-17 03:06:40
2017-09-12,913.85,919.95,909.15,917.6,3343840,HDFCBANK,2020-04-17 03:06:40
2017-09-13,917.5,924.5,912.0,920.925,2497688,HDFCBANK,2020-04-17 03:06:40
2017-09-14,920.075,926.25,915.75,919.7,4077008,HDFCBANK,2020-04-17 03:06:40
2017-09-15,918.0,925.9,916.725,924.475,1883666,HDFCBANK,2020-04-17 03:06:40
2017-09-18,926.775,932.225,926.25,930.225,2042464,HDFCBANK,2020-04-17 03:06:40
2017-09-19,932.45,934.0,923.775,924.85,2120734,HDFCBANK,2020-04-17 03:06:40
2017-09-20,924.0,930.725,922.625,924.425,1723064,HDFCBANK,2020-04-17 03:06:40
2017-09-21,924.0,924.25,915.35,919.55,3856248,HDFCBANK,2020-04-17 03:06:40
2017-09-22,917.4,919.475,910.0,912.05,4121762,HDFCBANK,2020-04-17 03:06:40
2017-09-25,911.225,911.225,896.3,899.875,5074614,HDFCBANK,2020-04-17 03:06:40
2017-09-26,894.525,898.3,892.5,896.15,5719366,HDFCBANK,2020-04-17 03:06:40
2017-09-27,898.0,902.8,885.0,888.25,3668610,HDFCBANK,2020-04-17 03:06:40
2017-09-28,887.0,899.5,881.65,897.65,13823232,HDFCBANK,2020-04-17 03:06:40
2017-09-29,900.05,911.0,898.125,902.85,3106816,HDFCBANK,2020-04-17 03:06:40
2017-10-03,904.0,910.5,898.55,904.425,2197212,HDFCBANK,2020-04-17 03:06:40
2017-10-04,903.95,905.95,896.675,898.5,3312552,HDFCBANK,2020-04-17 03:06:40
2017-10-05,897.5,902.5,896.55,899.3,1668098,HDFCBANK,2020-04-17 03:06:40
2017-10-06,899.0,902.225,897.0,900.05,1515330,HDFCBANK,2020-04-17 03:06:40
2017-10-09,899.4,901.5,895.25,897.75,1531246,HDFCBANK,2020-04-17 03:06:40
2017-10-10,899.5,907.475,896.325,901.35,1899090,HDFCBANK,2020-04-17 03:06:40
2017-10-11,901.625,907.625,893.8,895.075,2633720,HDFCBANK,2020-04-17 03:06:40
2017-10-12,897.55,910.725,894.0,909.4,2690780,HDFCBANK,2020-04-17 03:06:40
2017-10-13,913.35,928.275,911.0,925.4,3216732,HDFCBANK,2020-04-17 03:06:40
2017-10-16,930.0,936.625,921.0,928.575,1637272,HDFCBANK,2020-04-17 03:06:40
2017-10-17,925.0,926.85,919.55,925.625,1306644,HDFCBANK,2020-04-17 03:06:40
2017-10-18,920.5,937.5,919.5,934.25,1963360,HDFCBANK,2020-04-17 03:06:40
2017-10-19,930.9,932.5,920.325,924.2,285004,HDFCBANK,2020-04-17 03:06:40
2017-10-23,929.95,934.85,918.025,931.65,2081446,HDFCBANK,2020-04-17 03:06:40
2017-10-24,931.5,939.8,926.5,933.55,5664436,HDFCBANK,2020-04-17 03:06:40
2017-10-25,930.0,931.5,892.5,897.55,10683604,HDFCBANK,2020-04-17 03:06:40
2017-10-26,884.0,905.0,878.925,897.675,14285732,HDFCBANK,2020-04-17 03:06:40
2017-10-27,902.2,903.75,889.5,895.525,3736044,HDFCBANK,2020-04-17 03:06:40
2017-10-30,899.125,908.0,896.2,907.5,2711176,HDFCBANK,2020-04-17 03:06:40
2017-10-31,905.75,905.75,899.625,904.25,2341230,HDFCBANK,2020-04-17 03:06:40
2017-11-01,907.55,912.5,906.0,910.6,2095306,HDFCBANK,2020-04-17 03:06:40
2017-11-02,911.5,914.9,908.475,911.05,2368972,HDFCBANK,2020-04-17 03:06:40
2017-11-03,912.85,920.0,910.8,915.35,1905244,HDFCBANK,2020-04-17 03:06:40
2017-11-06,912.5,920.0,911.3,914.3,3074122,HDFCBANK,2020-04-17 03:06:40
2017-11-07,919.0,922.475,910.375,911.85,3723188,HDFCBANK,2020-04-17 03:06:40
2017-11-08,912.6,916.8,909.5,912.975,1641572,HDFCBANK,2020-04-17 03:06:40
2017-11-09,913.5,917.5,910.55,913.925,1556654,HDFCBANK,2020-04-17 03:06:40
2017-11-10,910.85,917.4,906.175,911.0,3872180,HDFCBANK,2020-04-17 03:06:40
2017-11-13,911.0,911.575,897.5,906.775,1667936,HDFCBANK,2020-04-17 03:06:40
2017-11-14,907.95,909.5,900.0,901.175,2356234,HDFCBANK,2020-04-17 03:06:40
2017-11-15,899.0,901.825,894.0,900.125,3074184,HDFCBANK,2020-04-17 03:06:40
2017-11-16,902.0,908.0,897.6,903.85,2006486,HDFCBANK,2020-04-17 03:06:40
2017-11-17,914.35,919.15,906.575,912.775,3179386,HDFCBANK,2020-04-17 03:06:40
2017-11-20,914.5,919.85,914.5,919.075,1196212,HDFCBANK,2020-04-17 03:06:40
2017-11-21,918.725,925.0,918.05,923.125,1137766,HDFCBANK,2020-04-17 03:06:40
2017-11-22,924.85,930.0,922.275,927.625,2830398,HDFCBANK,2020-04-17 03:06:40
2017-11-23,929.5,930.0,919.0,921.425,1616290,HDFCBANK,2020-04-17 03:06:40
2017-11-24,921.5,928.9,920.5,925.7,2601842,HDFCBANK,2020-04-17 03:06:40
2017-11-27,924.5,931.0,922.8,928.775,1935236,HDFCBANK,2020-04-17 03:06:40
2017-11-28,928.0,935.5,927.925,932.675,2545270,HDFCBANK,2020-04-17 03:06:40
2017-11-29,932.5,937.75,927.9,936.65,1637292,HDFCBANK,2020-04-17 03:06:40
2017-11-30,934.35,936.975,920.0,926.85,2898156,HDFCBANK,2020-04-17 03:06:40
2017-12-01,927.45,930.0,922.05,924.1,1929074,HDFCBANK,2020-04-17 03:06:40
2017-12-04,927.45,927.45,915.05,917.05,1820966,HDFCBANK,2020-04-17 03:06:40
2017-12-05,913.0,914.275,903.5,910.225,1946680,HDFCBANK,2020-04-17 03:06:39
2017-12-06,909.975,910.675,899.5,901.65,3197560,HDFCBANK,2020-04-17 03:06:39
2017-12-07,903.325,908.3,901.55,904.825,2115652,HDFCBANK,2020-04-17 03:06:39
2017-12-08,907.0,926.5,907.0,920.2,4478200,HDFCBANK,2020-04-17 03:06:39
2017-12-11,924.0,925.875,920.0,923.2,1599116,HDFCBANK,2020-04-17 03:06:39
2017-12-12,924.55,924.95,907.975,909.95,1205294,HDFCBANK,2020-04-17 03:06:39
2017-12-13,910.025,922.5,907.55,910.675,1453730,HDFCBANK,2020-04-17 03:06:39
2017-12-14,912.0,920.0,906.0,919.025,1841546,HDFCBANK,2020-04-17 03:06:39
2017-12-15,928.0,944.0,927.75,936.725,6225062,HDFCBANK,2020-04-17 03:06:39
2017-12-18,927.5,949.5,904.65,939.475,6148994,HDFCBANK,2020-04-17 03:06:39
2017-12-19,939.9,946.825,938.075,942.25,2476056,HDFCBANK,2020-04-17 03:06:39
2017-12-20,949.45,951.55,931.825,934.075,4671752,HDFCBANK,2020-04-17 03:06:39
2017-12-21,939.95,942.5,932.6,934.15,3427272,HDFCBANK,2020-04-17 03:06:39
2017-12-22,939.5,940.0,930.875,938.325,2235452,HDFCBANK,2020-04-17 03:06:39
2017-12-26,940.5,941.4,928.35,934.175,3392848,HDFCBANK,2020-04-17 03:06:39
2017-12-27,935.05,935.15,925.575,928.375,1744692,HDFCBANK,2020-04-17 03:06:39
2017-12-28,929.45,940.45,929.0,939.025,4350260,HDFCBANK,2020-04-17 03:06:39
2017-12-29,938.4,939.6,934.075,936.2,3172936,HDFCBANK,2020-04-17 03:06:39
2018-01-01,936.35,940.375,925.25,927.25,3290258,HDFCBANK,2020-04-17 03:06:39
2018-01-02,929.275,937.5,929.275,936.175,2388158,HDFCBANK,2020-04-17 03:06:39
2018-01-03,937.5,939.125,925.6,926.325,2265644,HDFCBANK,2020-04-17 03:06:39
2018-01-04,926.5,932.75,926.5,929.95,1186888,HDFCBANK,2020-04-17 03:06:39
2018-01-05,931.5,934.025,927.775,931.8,1435434,HDFCBANK,2020-04-17 03:06:39
2018-01-08,932.5,935.35,928.875,930.3,2285154,HDFCBANK,2020-04-17 03:06:39
2018-01-09,931.0,934.925,927.5,931.85,2652764,HDFCBANK,2020-04-17 03:06:39
2018-01-10,932.6,933.95,928.65,932.1,2307944,HDFCBANK,2020-04-17 03:06:39
2018-01-11,932.1,938.0,928.125,936.275,2029548,HDFCBANK,2020-04-17 03:06:39
2018-01-12,936.5,939.075,930.0,932.65,2168354,HDFCBANK,2020-04-17 03:06:39
2018-01-15,934.975,952.2,929.925,948.875,6288222,HDFCBANK,2020-04-17 03:06:39
2018-01-16,951.725,955.0,942.625,950.075,3222692,HDFCBANK,2020-04-17 03:06:39
2018-01-17,948.5,951.275,943.5,945.25,1452748,HDFCBANK,2020-04-17 03:06:39
2018-01-18,962.0,977.0,959.025,967.15,8324770,HDFCBANK,2020-04-17 03:06:39
2018-01-19,967.575,979.95,959.625,976.1,5727994,HDFCBANK,2020-04-17 03:06:39
2018-01-22,980.0,994.0,976.575,981.675,4424884,HDFCBANK,2020-04-17 03:06:39
2018-01-23,982.5,983.35,971.65,975.65,2523898,HDFCBANK,2020-04-17 03:06:39
2018-01-24,976.275,984.5,975.3,978.825,2395284,HDFCBANK,2020-04-17 03:06:39
2018-01-25,976.95,990.0,975.25,987.475,4361834,HDFCBANK,2020-04-17 03:06:39
2018-01-29,989.0,1003.47,989.0,999.825,4117946,HDFCBANK,2020-04-17 03:06:39
2018-01-30,998.9,1000.95,992.075,997.75,3198780,HDFCBANK,2020-04-17 03:06:39
2018-01-31,994.7,1006.75,993.5,1002.85,3471674,HDFCBANK,2020-04-17 03:06:39
2018-02-01,1003.0,1007.5,992.65,995.575,3260710,HDFCBANK,2020-04-17 03:06:39
2018-02-02,993.0,994.95,970.75,974.0,3673062,HDFCBANK,2020-04-17 03:06:39
2018-02-05,959.0,967.625,952.925,956.925,3963392,HDFCBANK,2020-04-17 03:06:39
2018-02-06,930.0,956.0,918.15,948.4,5374902,HDFCBANK,2020-04-17 03:06:39
2018-02-07,953.5,953.5,931.2,936.4,4182486,HDFCBANK,2020-04-17 03:06:39
2018-02-08,942.0,949.3,933.25,940.475,2585722,HDFCBANK,2020-04-17 03:06:39
2018-02-09,923.95,932.35,922.05,924.75,3204476,HDFCBANK,2020-04-17 03:06:39
2018-02-12,930.0,943.0,927.575,938.325,2190554,HDFCBANK,2020-04-17 03:06:39
2018-02-14,944.9,948.95,937.325,941.575,1788594,HDFCBANK,2020-04-17 03:06:39
2018-02-15,944.85,947.375,937.5,940.95,2457612,HDFCBANK,2020-04-17 03:06:39
2018-02-16,941.95,947.425,937.825,939.3,1791760,HDFCBANK,2020-04-17 03:06:39
2018-02-19,941.3,943.8,929.525,939.1,1827276,HDFCBANK,2020-04-17 03:06:39
2018-02-20,942.375,942.925,929.4,931.6,2042034,HDFCBANK,2020-04-17 03:06:39
2018-02-21,933.975,934.275,926.1,928.7,1376536,HDFCBANK,2020-04-17 03:06:39
2018-02-22,925.0,930.0,920.775,926.6,6626798,HDFCBANK,2020-04-17 03:06:39
2018-02-23,928.45,942.425,925.2,940.275,2038374,HDFCBANK,2020-04-17 03:06:39
2018-02-26,944.05,957.4,941.775,955.775,2394442,HDFCBANK,2020-04-17 03:06:39
2018-02-27,957.375,960.875,950.0,951.275,2393664,HDFCBANK,2020-04-17 03:06:39
2018-02-28,944.775,947.725,939.0,942.1,2033182,HDFCBANK,2020-04-17 03:06:38
2018-03-01,939.65,946.65,934.0,937.175,1954920,HDFCBANK,2020-04-17 03:06:38
2018-03-05,937.075,939.0,929.125,934.975,1890732,HDFCBANK,2020-04-17 03:06:38
2018-03-06,935.0,939.95,919.75,923.125,2288414,HDFCBANK,2020-04-17 03:06:38
2018-03-07,920.0,926.7,914.25,916.3,2814082,HDFCBANK,2020-04-17 03:06:38
2018-03-08,919.9,929.25,916.0,926.425,2759362,HDFCBANK,2020-04-17 03:06:38
2018-03-09,927.475,932.625,922.0,925.525,2054054,HDFCBANK,2020-04-17 03:06:38
2018-03-12,930.1,934.725,926.7,933.625,3278558,HDFCBANK,2020-04-17 03:06:38
2018-03-13,933.725,942.375,927.5,930.125,2562100,HDFCBANK,2020-04-17 03:06:38
2018-03-14,928.0,933.95,924.0,932.25,1840196,HDFCBANK,2020-04-17 03:06:38
2018-03-15,932.6,943.75,932.6,940.4,2935462,HDFCBANK,2020-04-17 03:06:38
2018-03-16,940.0,940.55,923.275,926.5,3948168,HDFCBANK,2020-04-17 03:06:38
2018-03-19,926.5,930.0,921.575,923.625,3919370,HDFCBANK,2020-04-17 03:06:38
2018-03-20,922.55,927.95,917.625,919.75,1828686,HDFCBANK,2020-04-17 03:06:38
2018-03-21,924.0,931.6,921.65,929.45,2960570,HDFCBANK,2020-04-17 03:06:38
2018-03-22,929.45,940.0,927.55,933.875,3336612,HDFCBANK,2020-04-17 03:06:38
2018-03-23,923.325,926.55,918.625,920.775,3595076,HDFCBANK,2020-04-17 03:06:38
2018-03-26,919.95,950.0,916.75,946.725,5250884,HDFCBANK,2020-04-17 03:06:38
2018-03-27,946.9,949.5,938.0,946.3,3068418,HDFCBANK,2020-04-17 03:06:38
2018-03-28,941.475,949.85,938.025,943.05,4418754,HDFCBANK,2020-04-17 03:06:38
2018-04-02,945.25,967.875,945.25,965.6,2298184,HDFCBANK,2020-04-17 03:06:38
2018-04-03,961.975,962.85,955.5,957.95,2039942,HDFCBANK,2020-04-17 03:06:38
2018-04-04,956.475,962.475,939.225,941.625,1857054,HDFCBANK,2020-04-17 03:06:38
2018-04-05,950.65,957.0,945.1,954.45,2429446,HDFCBANK,2020-04-17 03:06:38
2018-04-06,956.1,963.225,952.9,961.7,1860004,HDFCBANK,2020-04-17 03:06:38
2018-04-09,959.4,971.0,958.2,969.525,2001768,HDFCBANK,2020-04-17 03:06:38
2018-04-10,971.5,971.5,956.75,960.425,3033618,HDFCBANK,2020-04-17 03:06:38
2018-04-11,957.95,960.0,952.7,959.425,1435406,HDFCBANK,2020-04-17 03:06:38
2018-04-12,958.0,966.45,952.95,964.4,2356258,HDFCBANK,2020-04-17 03:06:38
2018-04-13,964.0,970.0,959.55,962.5,1648586,HDFCBANK,2020-04-17 03:06:38
2018-04-16,960.0,975.0,959.925,971.05,1423872,HDFCBANK,2020-04-17 03:06:38
2018-04-17,971.75,975.5,967.05,974.25,1333916,HDFCBANK,2020-04-17 03:06:38
2018-04-18,975.5,976.75,965.025,966.3,1356360,HDFCBANK,2020-04-17 03:06:38
2018-04-19,970.0,972.4,966.5,969.5,1584516,HDFCBANK,2020-04-17 03:06:38
2018-04-20,970.5,980.5,966.075,977.95,4680690,HDFCBANK,2020-04-17 03:06:38
2018-04-23,989.5,989.5,930.15,967.875,7652310,HDFCBANK,2020-04-17 03:06:38
2018-04-24,967.5,974.025,963.0,967.5,2518708,HDFCBANK,2020-04-17 03:06:38
2018-04-25,963.95,969.0,956.0,960.375,2010296,HDFCBANK,2020-04-17 03:06:38
2018-04-26,958.4,969.6,955.625,965.125,3923740,HDFCBANK,2020-04-17 03:06:38
2018-04-27,966.5,967.75,956.25,961.7,2888504,HDFCBANK,2020-04-17 03:06:38
2018-04-30,965.0,977.4,964.4,972.15,2304776,HDFCBANK,2020-04-17 03:06:38
2018-05-02,975.0,989.0,973.0,984.75,3550024,HDFCBANK,2020-04-17 03:06:38
2018-05-03,984.025,987.45,973.0,983.95,2076386,HDFCBANK,2020-04-17 03:06:38
2018-05-04,985.0,995.0,983.15,994.25,3440718,HDFCBANK,2020-04-17 03:06:38
2018-05-07,990.825,993.65,987.5,988.7,2632064,HDFCBANK,2020-04-17 03:06:38
2018-05-08,989.625,989.95,977.3,983.525,3550282,HDFCBANK,2020-04-17 03:06:38
2018-05-09,978.075,990.25,978.075,989.2,2163666,HDFCBANK,2020-04-17 03:06:38
2018-05-10,994.3,999.5,991.0,996.35,3585836,HDFCBANK,2020-04-17 03:06:38
2018-05-11,996.35,1008.5,993.0,1005.88,3028534,HDFCBANK,2020-04-17 03:06:38
2018-05-14,1008.6,1013.7,1006.2,1010.88,2371458,HDFCBANK,2020-04-17 03:06:38
2018-05-15,1013.53,1032.5,1013.35,1018.9,4913342,HDFCBANK,2020-04-17 03:06:38
2018-05-16,1015.28,1024.5,1008.58,1011.67,3420802,HDFCBANK,2020-04-17 03:06:38
2018-05-17,1011.92,1022.22,1006.25,1013.88,3307738,HDFCBANK,2020-04-17 03:06:38
2018-05-18,1012.35,1012.35,1001.75,1006.08,2608730,HDFCBANK,2020-04-17 03:06:38
2018-05-21,1008.05,1010.5,993.025,996.525,2424054,HDFCBANK,2020-04-17 03:06:38
2018-05-22,999.35,1006.97,992.75,994.95,1980186,HDFCBANK,2020-04-17 03:06:38
2018-05-23,993.9,997.0,981.7,983.75,2863146,HDFCBANK,2020-04-17 03:06:38
2018-05-24,983.55,995.125,978.175,993.0,2260372,HDFCBANK,2020-04-17 03:06:38
2018-05-25,995.0,1008.0,994.95,1004.35,2379794,HDFCBANK,2020-04-17 03:06:38
2018-05-28,1003.9,1026.0,1003.0,1021.1,2551970,HDFCBANK,2020-04-17 03:06:37
2018-05-29,1019.0,1026.35,1014.4,1016.3,1675622,HDFCBANK,2020-04-17 03:06:37
2018-05-30,1009.85,1026.5,1008.15,1024.1801,2433498,HDFCBANK,2020-04-17 03:06:37
2018-05-31,1050.0,1080.0,1040.0,1069.72,19819596,HDFCBANK,2020-04-17 03:06:37
2018-06-01,1058.0,1069.0,1050.5,1055.3,10575678,HDFCBANK,2020-04-17 03:06:37
2018-06-04,1075.0,1078.5,1018.97,1023.1,44398162,HDFCBANK,2020-04-17 03:06:37
2018-06-05,1025.0,1033.47,1011.5,1031.8,8552730,HDFCBANK,2020-04-17 03:06:37
2018-06-06,1030.1,1032.4,1022.5,1028.6801,4891000,HDFCBANK,2020-04-17 03:06:37
2018-06-07,1036.6,1039.9,1026.6,1031.1,5281948,HDFCBANK,2020-04-17 03:06:37
2018-06-08,1029.5,1030.62,1017.5,1024.6801,3090444,HDFCBANK,2020-04-17 03:06:37
2018-06-11,1025.95,1031.47,1019.4,1021.15,3545594,HDFCBANK,2020-04-17 03:06:37
2018-06-12,1025.95,1026.35,1019.2,1021.92,2617128,HDFCBANK,2020-04-17 03:06:37
2018-06-13,1026.0,1027.4,1012.05,1015.72,3948980,HDFCBANK,2020-04-17 03:06:37
2018-06-14,1015.0,1022.5,1012.5,1018.7,8463788,HDFCBANK,2020-04-17 03:06:37
2018-06-15,1013.0,1019.45,1011.15,1014.8,5440408,HDFCBANK,2020-04-17 03:06:37
2018-06-18,1015.05,1019.4,1004.55,1009.58,3743702,HDFCBANK,2020-04-17 03:06:37
2018-06-19,1012.47,1020.35,1009.65,1011.75,5490576,HDFCBANK,2020-04-17 03:06:37
2018-06-20,1013.0,1029.0,1012.5,1028.0699,4525856,HDFCBANK,2020-04-17 03:06:37
2018-06-21,1030.0,1035.4,1023.53,1028.8,6755352,HDFCBANK,2020-04-17 03:06:37
2018-06-22,1028.47,1044.4,1024.9301,1041.6801,3924490,HDFCBANK,2020-04-17 03:06:37
2018-06-25,1041.53,1048.9,1036.53,1047.47,3496168,HDFCBANK,2020-04-17 03:06:37
2018-06-26,1043.03,1051.5,1039.9301,1046.85,4580966,HDFCBANK,2020-04-17 03:06:37
2018-06-27,1046.5,1059.75,1045.0,1056.3,9563402,HDFCBANK,2020-04-17 03:06:37
2018-06-28,1057.5,1070.0,1055.6,1065.4301,18766770,HDFCBANK,2020-04-17 03:06:37
2018-06-29,1060.85,1070.0,1052.55,1054.22,9729060,HDFCBANK,2020-04-17 03:06:37
2018-07-02,1054.1801,1054.2,1031.62,1036.62,4932438,HDFCBANK,2020-04-17 03:06:37
2018-07-03,1036.62,1042.5,1032.8,1035.1,3431550,HDFCBANK,2020-04-17 03:06:37
2018-07-04,1038.12,1054.03,1034.5,1051.78,3048996,HDFCBANK,2020-04-17 03:06:37
2018-07-05,1052.5,1064.5,1046.28,1061.88,4867984,HDFCBANK,2020-04-17 03:06:37
2018-07-06,1056.65,1067.78,1055.6801,1057.5699,4060672,HDFCBANK,2020-04-17 03:06:37
2018-07-09,1060.9301,1065.0,1053.88,1062.8199,3091148,HDFCBANK,2020-04-17 03:06:37
2018-07-10,1064.95,1074.8,1062.5,1073.2,5475368,HDFCBANK,2020-04-17 03:06:37
2018-07-11,1072.53,1077.85,1067.4,1074.12,2928960,HDFCBANK,2020-04-17 03:06:37
2018-07-12,1076.45,1089.9301,1076.0,1082.97,4010334,HDFCBANK,2020-04-17 03:06:37
2018-07-13,1084.2,1095.4,1081.55,1090.45,3580594,HDFCBANK,2020-04-17 03:06:37
2018-07-16,1089.7,1095.03,1081.88,1084.4301,4508668,HDFCBANK,2020-04-17 03:06:37
2018-07-17,1081.62,1090.5,1081.62,1088.38,3180962,HDFCBANK,2020-04-17 03:06:37
2018-07-18,1093.5,1110.0,1086.8199,1088.1,8730136,HDFCBANK,2020-04-17 03:06:37
2018-07-19,1091.5,1096.75,1085.5,1093.05,2652388,HDFCBANK,2020-04-17 03:06:37
2018-07-20,1093.05,1101.4301,1085.55,1094.53,5003482,HDFCBANK,2020-04-17 03:06:37
2018-07-23,1075.0,1089.0,1069.03,1078.22,8440066,HDFCBANK,2020-04-17 03:06:37
2018-07-24,1073.5,1084.5,1073.5,1079.88,2604396,HDFCBANK,2020-04-17 03:06:37
2018-07-25,1082.3199,1088.4,1080.0,1085.1801,3519308,HDFCBANK,2020-04-17 03:06:37
2018-07-26,1082.5,1101.72,1082.5,1096.3,10640546,HDFCBANK,2020-04-17 03:06:37
2018-07-27,1100.97,1105.97,1092.35,1101.0699,5277298,HDFCBANK,2020-04-17 03:06:37
2018-07-30,1099.5,1099.5,1079.7,1084.95,3584560,HDFCBANK,2020-04-17 03:06:37
2018-07-31,1080.0,1092.95,1075.03,1089.75,4430472,HDFCBANK,2020-04-17 03:06:37
2018-08-01,1081.4,1087.5,1075.85,1079.35,3035780,HDFCBANK,2020-04-17 03:06:37
2018-08-02,1076.75,1076.85,1060.6801,1065.1,4452852,HDFCBANK,2020-04-17 03:06:37
2018-08-03,1066.78,1073.53,1057.0,1060.8199,6802004,HDFCBANK,2020-04-17 03:06:37
2018-08-06,1060.5,1068.7,1053.05,1057.15,2872316,HDFCBANK,2020-04-17 03:06:37
2018-08-07,1062.5,1067.25,1054.0,1065.45,3714228,HDFCBANK,2020-04-17 03:06:37
2018-08-08,1067.9301,1075.9,1066.53,1068.1801,4972690,HDFCBANK,2020-04-17 03:06:37
2018-08-09,1071.0,1071.0,1047.3199,1059.25,4472204,HDFCBANK,2020-04-17 03:06:37
2018-08-10,1061.75,1061.9,1049.0,1057.22,2721470,HDFCBANK,2020-04-17 03:06:37
2018-08-13,1042.0,1051.97,1040.0,1045.8199,5027126,HDFCBANK,2020-04-17 03:06:37
2018-08-14,1049.0,1052.5,1043.6,1044.55,2467982,HDFCBANK,2020-04-17 03:06:37
2018-08-16,1041.5,1043.35,1033.2,1037.85,5312580,HDFCBANK,2020-04-17 03:06:36
2018-08-17,1041.45,1046.53,1035.8199,1038.6801,3032664,HDFCBANK,2020-04-17 03:06:36
2018-08-20,1037.5,1053.8,1037.5,1048.1,3905568,HDFCBANK,2020-04-17 03:06:36
2018-08-21,1049.0,1056.0,1046.3199,1048.03,3888160,HDFCBANK,2020-04-17 03:06:36
2018-08-23,1052.5,1053.5,1038.4301,1039.95,6287276,HDFCBANK,2020-04-17 03:06:36
2018-08-24,1035.5,1046.8,1033.03,1034.9301,4857314,HDFCBANK,2020-04-17 03:06:36
2018-08-27,1038.5,1044.25,1035.12,1040.22,6287394,HDFCBANK,2020-04-17 03:06:36
2018-08-28,1044.0,1049.12,1039.4,1047.4301,4986766,HDFCBANK,2020-04-17 03:06:36
2018-08-29,1046.0699,1047.03,1036.38,1039.25,4936846,HDFCBANK,2020-04-17 03:06:36
2018-08-30,1041.8,1043.95,1030.9301,1033.05,10913730,HDFCBANK,2020-04-17 03:06:36
2018-08-31,1034.6,1039.38,1029.12,1030.6,7885750,HDFCBANK,2020-04-17 03:06:36
2018-09-03,1034.7,1039.47,1031.75,1037.53,3830804,HDFCBANK,2020-04-17 03:06:36
2018-09-04,1038.45,1038.97,1024.5,1025.9,3565268,HDFCBANK,2020-04-17 03:06:36
2018-09-05,1026.9,1030.1,1017.78,1022.92,2820754,HDFCBANK,2020-04-17 03:06:36
2018-09-06,1024.5,1029.5,1016.3,1026.1,5201206,HDFCBANK,2020-04-17 03:06:36
2018-09-07,1025.5,1030.0,1020.38,1028.47,2959650,HDFCBANK,2020-04-17 03:06:36
2018-09-10,1027.5,1027.5,1012.55,1020.58,4299296,HDFCBANK,2020-04-17 03:06:36
2018-09-11,1023.15,1024.0,997.075,1000.2,9093268,HDFCBANK,2020-04-17 03:06:36
2018-09-12,1000.95,1010.67,994.775,1005.92,6123004,HDFCBANK,2020-04-17 03:06:36
2018-09-14,1009.92,1018.7,1009.47,1014.8,5167336,HDFCBANK,2020-04-17 03:06:36
2018-09-17,1010.65,1011.47,994.0,996.1,4669110,HDFCBANK,2020-04-17 03:06:36
2018-09-18,997.45,1004.92,990.475,994.6,4662868,HDFCBANK,2020-04-17 03:06:36
2018-09-19,997.425,999.0,978.25,980.675,8356132,HDFCBANK,2020-04-17 03:06:36
2018-09-21,986.95,999.925,955.1,985.125,11305074,HDFCBANK,2020-04-17 03:06:36
2018-09-24,983.625,986.1,957.5,962.85,6695396,HDFCBANK,2020-04-17 03:06:36
2018-09-25,962.85,981.0,957.5,976.2,8341276,HDFCBANK,2020-04-17 03:06:36
2018-09-26,981.475,989.0,977.65,984.1,7363362,HDFCBANK,2020-04-17 03:06:36
2018-09-27,984.7,993.0,977.575,988.075,9176104,HDFCBANK,2020-04-17 03:06:36
2018-09-28,990.325,1007.72,988.575,1003.03,7230358,HDFCBANK,2020-04-17 03:06:36
2018-10-01,1004.9,1021.0,998.9,1017.72,6224794,HDFCBANK,2020-04-17 03:06:36
2018-10-03,1015.22,1026.1,1003.5,1015.58,7666074,HDFCBANK,2020-04-17 03:06:36
2018-10-04,1004.0,1008.9,971.5,978.875,8985292,HDFCBANK,2020-04-17 03:06:36
2018-10-05,976.975,995.0,970.075,982.65,7864590,HDFCBANK,2020-04-17 03:06:36
2018-10-08,982.5,984.5,965.0,972.5,10064010,HDFCBANK,2020-04-17 03:06:36
2018-10-09,972.2,982.5,965.0,970.3,6229682,HDFCBANK,2020-04-17 03:06:36
2018-10-10,972.5,991.125,967.75,983.575,7969966,HDFCBANK,2020-04-17 03:06:36
2018-10-11,962.5,974.15,958.8,968.775,7179952,HDFCBANK,2020-04-17 03:06:36
2018-10-12,972.5,998.55,971.0,990.925,4800160,HDFCBANK,2020-04-17 03:06:36
2018-10-15,995.0,1005.4,985.15,1004.03,6292984,HDFCBANK,2020-04-17 03:06:36
2018-10-16,1001.5,1009.1,993.75,996.375,4703002,HDFCBANK,2020-04-17 03:06:36
2018-10-17,1003.05,1006.5,981.75,987.3,3970398,HDFCBANK,2020-04-17 03:06:36
2018-10-19,979.45,990.425,979.0,983.875,4933674,HDFCBANK,2020-04-17 03:06:36
2018-10-22,1007.0,1010.0,994.3,999.45,10165580,HDFCBANK,2020-04-17 03:06:36
2018-10-23,986.5,999.45,986.5,992.425,9714282,HDFCBANK,2020-04-17 03:06:36
2018-10-24,1002.0,1004.4,986.3,996.125,9036168,HDFCBANK,2020-04-17 03:06:36
2018-10-25,986.8,1001.8,981.225,984.4,14923528,HDFCBANK,2020-04-17 03:06:36
2018-10-26,984.4,988.6,974.5,980.6,7577856,HDFCBANK,2020-04-17 03:06:36
2018-10-29,982.05,982.475,947.6,963.15,8522140,HDFCBANK,2020-04-17 03:06:36
2018-10-30,962.5,966.0,949.65,956.375,6914352,HDFCBANK,2020-04-17 03:06:36
2018-10-31,951.025,958.95,942.5,955.875,11724702,HDFCBANK,2020-04-17 03:06:36
2018-11-01,965.0,965.0,948.0,956.1,9814526,HDFCBANK,2020-04-17 03:06:36
2018-11-02,963.0,980.0,956.0,974.725,15046434,HDFCBANK,2020-04-17 03:06:36
2018-11-05,974.95,979.825,969.0,978.0,2852648,HDFCBANK,2020-04-17 03:06:36
2018-11-06,977.5,988.0,971.475,973.275,4242794,HDFCBANK,2020-04-17 03:06:36
2018-11-07,980.5,982.475,975.0,978.975,479380,HDFCBANK,2020-04-17 03:06:36
2018-11-09,979.1,979.95,968.15,972.7,5050810,HDFCBANK,2020-04-17 03:06:36
2018-11-12,975.75,981.0,958.575,960.525,3953882,HDFCBANK,2020-04-17 03:06:36
2018-11-13,959.5,968.85,954.1,963.875,6675210,HDFCBANK,2020-04-17 03:06:36
2018-11-14,969.275,980.0,968.3,978.875,13055318,HDFCBANK,2020-04-17 03:06:36
2018-11-15,980.95,988.65,965.6,987.575,5196262,HDFCBANK,2020-04-17 03:06:36
2018-11-16,990.5,1006.5,990.0,1002.15,7906608,HDFCBANK,2020-04-17 03:06:36
2018-11-19,1005.5,1010.5,1000.95,1006.95,6143214,HDFCBANK,2020-04-17 03:06:36
2018-11-20,1006.5,1009.8,999.525,1006.22,2852584,HDFCBANK,2020-04-17 03:06:35
2018-11-21,1006.38,1011.97,1002.0,1009.38,3272802,HDFCBANK,2020-04-17 03:06:35
2018-11-22,1006.62,1017.5,1000.08,1002.75,6487276,HDFCBANK,2020-04-17 03:06:35
2018-11-26,1006.95,1026.0,1006.03,1024.9,9092218,HDFCBANK,2020-04-17 03:06:35
2018-11-27,1020.53,1033.95,1020.38,1032.0,6447720,HDFCBANK,2020-04-17 03:06:35
2018-11-28,1032.5,1049.3,1030.05,1044.62,6510554,HDFCBANK,2020-04-17 03:06:35
2018-11-29,1050.5,1068.7,1047.0,1065.53,15954318,HDFCBANK,2020-04-17 03:06:35
2018-11-30,1065.0,1068.78,1055.0,1064.22,6520462,HDFCBANK,2020-04-17 03:06:35
2018-12-03,1065.5,1071.0,1053.45,1056.65,5399928,HDFCBANK,2020-04-17 03:06:35
2018-12-04,1052.7,1055.5,1039.3,1042.78,4078710,HDFCBANK,2020-04-17 03:06:35
2018-12-05,1039.0,1052.65,1037.97,1049.6,5899422,HDFCBANK,2020-04-17 03:06:35
2018-12-06,1044.85,1050.8199,1042.5,1048.53,5865126,HDFCBANK,2020-04-17 03:06:35
2018-12-07,1053.35,1059.0,1040.15,1053.8,4951960,HDFCBANK,2020-04-17 03:06:35
2018-12-10,1032.95,1052.4,1032.95,1044.38,5457528,HDFCBANK,2020-04-17 03:06:35
2018-12-11,1028.0,1035.65,1016.0,1029.78,9452890,HDFCBANK,2020-04-17 03:06:35
2018-12-12,1033.47,1044.9,1030.05,1042.65,5685244,HDFCBANK,2020-04-17 03:06:35
2018-12-13,1047.5,1062.5,1045.65,1050.65,3532118,HDFCBANK,2020-04-17 03:06:35
2018-12-14,1052.45,1059.0,1044.03,1047.85,3079142,HDFCBANK,2020-04-17 03:06:35
2018-12-17,1052.0,1066.3,1049.5,1065.1,4218662,HDFCBANK,2020-04-17 03:06:35
2018-12-18,1062.0,1069.5,1051.3,1067.72,3706984,HDFCBANK,2020-04-17 03:06:35
2018-12-19,1066.55,1079.7,1056.78,1061.72,4504948,HDFCBANK,2020-04-17 03:06:35
2018-12-20,1056.28,1070.22,1051.3199,1068.72,3990238,HDFCBANK,2020-04-17 03:06:35
2018-12-21,1067.0,1074.55,1054.53,1055.5699,5110154,HDFCBANK,2020-04-17 03:06:35
2018-12-24,1052.0,1052.0,1038.6801,1040.3199,2800744,HDFCBANK,2020-04-17 03:06:35
2018-12-26,1038.5,1063.5,1034.5,1061.1801,3800958,HDFCBANK,2020-04-17 03:06:35
2018-12-27,1066.5,1069.1,1049.22,1052.53,5819934,HDFCBANK,2020-04-17 03:06:35
2018-12-28,1058.6801,1068.88,1057.75,1061.45,4707806,HDFCBANK,2020-04-17 03:06:35
2018-12-31,1068.5,1068.5,1058.35,1060.85,2933264,HDFCBANK,2020-04-17 03:06:35
2019-01-01,1063.8199,1075.5,1052.8,1074.05,3186720,HDFCBANK,2020-04-17 03:06:35
