timestamp,temperature
2020-04-26 02:58:53.723366,59.1
2020-04-26 02:58:54.732682,59.1
2020-04-26 02:58:55.747773,59.1
2020-04-26 02:58:56.762829,58.5
2020-04-26 02:58:57.777843,58.5
2020-04-26 02:58:58.792611,58.5
2020-04-26 02:58:59.813766,59.6
2020-04-26 02:59:00.828869,59.1
2020-04-26 02:59:01.844097,59.1
2020-04-26 02:59:02.858807,58.5
2020-04-26 02:59:03.873745,58.5
2020-04-26 02:59:04.888647,59.1
2020-04-26 02:59:05.903763,59.1
2020-04-26 02:59:06.918751,58.5
2020-04-26 02:59:07.934281,59.1
2020-04-26 02:59:08.949418,58.5
2020-04-26 02:59:09.964623,59.1
2020-04-26 02:59:10.980001,59.1
2020-04-26 02:59:11.995046,58.5
2020-04-26 02:59:13.010192,58.5
2020-04-26 02:59:14.025407,59.1
2020-04-26 02:59:15.040580,58.5
2020-04-26 02:59:16.055553,58.0
2020-04-26 02:59:17.070643,59.1
2020-04-26 02:59:18.086677,59.1
2020-04-26 02:59:19.101921,59.1
2020-04-26 02:59:20.117029,59.1
2020-04-26 02:59:21.132164,59.1
2020-04-26 02:59:22.148109,58.5
2020-04-26 02:59:23.163491,58.5
2020-04-26 02:59:24.178445,58.5
2020-04-26 02:59:25.193403,59.1
2020-04-26 02:59:26.208656,59.1
2020-04-26 02:59:27.224191,59.1
2020-04-26 02:59:28.240380,58.5
2020-04-26 02:59:29.256452,58.5
2020-04-26 02:59:30.272918,58.5
2020-04-26 02:59:31.287922,58.5
2020-04-26 02:59:32.303351,59.1
2020-04-26 02:59:33.318312,58.0
2020-04-26 02:59:34.333227,58.0
2020-04-26 02:59:35.349204,59.6
2020-04-26 02:59:36.365019,59.1
2020-04-26 02:59:37.380326,58.5
2020-04-26 02:59:38.395091,59.1
2020-04-26 02:59:39.410542,58.5
2020-04-26 02:59:40.426198,58.5
2020-04-26 02:59:41.441674,58.5
2020-04-26 02:59:42.456491,59.1
2020-04-26 02:59:43.472209,58.5
2020-04-26 02:59:44.487192,58.5
2020-04-26 02:59:45.502183,58.5
2020-04-26 02:59:46.517555,59.1
2020-04-26 02:59:47.532559,58.5
2020-04-26 02:59:48.547602,58.5
2020-04-26 02:59:49.562744,59.1
2020-04-26 02:59:50.577744,58.5
2020-04-26 02:59:51.592732,59.1
2020-04-26 02:59:52.607805,59.1
2020-04-26 02:59:53.622898,59.1
2020-04-26 02:59:54.637989,58.5
2020-04-26 02:59:55.653825,59.1
2020-04-26 02:59:56.668415,59.1
2020-04-26 02:59:57.683137,59.1
2020-04-26 02:59:58.697932,58.5
2020-04-26 02:59:59.712724,58.5
2020-04-26 03:00:00.727406,58.5
2020-04-26 03:00:01.742556,58.0
2020-04-26 03:00:02.758492,58.5
2020-04-26 03:00:03.773784,59.1
2020-04-26 03:00:04.789209,58.5
2020-04-26 03:00:05.805059,58.5
2020-04-26 03:00:06.821658,58.5
2020-04-26 03:00:07.836608,58.5
2020-04-26 03:00:08.851772,58.5
2020-04-26 03:00:09.866711,58.5
2020-04-26 03:00:10.881830,58.5
2020-04-26 03:00:11.896689,59.1
2020-04-26 03:00:12.911811,58.5
2020-04-26 03:00:13.926705,58.5
2020-04-26 03:00:14.941744,59.1
2020-04-26 03:00:15.958253,58.5
2020-04-26 03:00:16.973300,58.5
2020-04-26 03:00:17.988129,58.5
2020-04-26 03:00:19.003430,59.1
2020-04-26 03:00:20.018735,58.0
2020-04-26 03:00:21.033774,58.5
2020-04-26 03:00:22.048658,59.1
2020-04-26 03:00:23.064306,58.5
2020-04-26 03:00:24.078925,58.5
2020-04-26 03:00:25.094000,59.1
2020-04-26 03:00:26.108957,58.5
2020-04-26 03:00:27.124148,58.0
2020-04-26 03:00:28.139117,58.5
2020-04-26 03:00:29.154293,59.6
2020-04-26 03:00:30.169183,58.5
2020-04-26 03:00:31.184131,58.0
2020-04-26 03:00:32.199731,58.5
2020-04-26 03:00:33.219872,58.5
2020-04-26 03:00:34.234938,59.1
2020-04-26 03:00:35.250341,59.1
2020-04-26 03:00:36.265213,58.5
2020-04-26 03:00:37.280406,59.1
2020-04-26 03:00:38.295366,58.0
2020-04-26 03:00:39.310834,58.5
2020-04-26 03:00:40.325787,58.5
2020-04-26 03:00:41.340564,58.5
2020-04-26 03:00:42.356153,58.5
2020-04-26 03:00:43.371183,59.1
2020-04-26 03:00:44.386108,59.1
2020-04-26 03:00:45.400695,59.1
2020-04-26 03:00:46.415694,59.1
2020-04-26 03:00:47.430232,59.1
2020-04-26 03:00:48.438610,59.1
2020-04-26 03:00:49.453410,59.1
2020-04-26 03:00:50.468261,59.1
2020-04-26 03:00:51.488247,59.1
2020-04-26 03:00:52.503176,59.1
2020-04-26 03:00:53.518093,59.1
2020-04-26 03:00:54.533184,58.5
2020-04-26 03:00:55.547992,59.1
2020-04-26 03:00:56.564060,59.6
2020-04-26 03:00:57.579035,59.1
2020-04-26 03:00:58.594201,58.5
2020-04-26 03:00:59.609186,59.1
2020-04-26 03:01:00.624356,58.5
2020-04-26 03:01:01.639420,59.1
2020-04-26 03:01:02.654742,59.6
2020-04-26 03:01:03.665159,60.1
2020-04-26 03:01:04.680253,58.5
2020-04-26 03:01:05.695281,59.1
2020-04-26 03:01:06.710293,59.1
2020-04-26 03:01:07.725565,59.1
2020-04-26 03:01:08.740498,59.1
2020-04-26 03:01:09.755521,58.5
2020-04-26 03:01:10.770765,59.1
2020-04-26 03:01:11.791928,59.1
2020-04-26 03:01:12.806576,59.1
2020-04-26 03:01:13.821196,58.5
2020-04-26 03:01:14.835960,58.0
2020-04-26 03:01:15.850682,59.1
2020-04-26 03:01:16.865501,59.1
2020-04-26 03:01:17.880535,59.1
2020-04-26 03:01:18.895219,58.5
2020-04-26 03:01:19.910221,59.1
2020-04-26 03:01:20.925095,58.5
2020-04-26 03:01:21.940272,58.5
2020-04-26 03:01:22.955042,59.1
2020-04-26 03:01:23.970269,59.1
2020-04-26 03:01:24.985021,58.5
2020-04-26 03:01:26.000215,59.1
2020-04-26 03:01:27.015128,59.1
2020-04-26 03:01:28.030089,59.1
2020-04-26 03:01:29.044919,59.1
2020-04-26 03:01:30.060050,59.1
2020-04-26 03:01:31.074973,59.1
2020-04-26 03:01:32.090042,59.1
2020-04-26 03:01:33.104811,58.5
2020-04-26 03:01:34.119986,58.5
2020-04-26 03:01:35.134606,58.5
2020-04-26 03:01:36.149417,59.1
2020-04-26 03:01:37.164243,59.1
2020-04-26 03:01:38.179196,59.1
2020-04-26 03:01:39.194047,58.5
2020-04-26 03:01:40.209433,59.1
2020-04-26 03:01:41.224763,59.1
2020-04-26 03:01:42.240344,59.1
2020-04-26 03:01:43.255655,58.5
2020-04-26 03:01:44.270991,59.1
2020-04-26 03:01:45.285889,59.1
2020-04-26 03:01:46.300398,59.1
2020-04-26 03:01:47.315127,59.1
2020-04-26 03:01:48.329971,59.1
2020-04-26 03:01:49.344650,59.1
2020-04-26 03:01:50.359855,59.1
2020-04-26 03:01:51.374692,59.1
2020-04-26 03:01:52.389526,58.5
2020-04-26 03:01:53.404279,58.0
2020-04-26 03:01:54.418823,58.5
2020-04-26 03:01:55.433746,58.5
2020-04-26 03:01:56.448300,59.1
2020-04-26 03:01:57.462993,59.1
2020-04-26 03:01:58.477674,59.1
2020-04-26 03:01:59.492323,59.1
2020-04-26 03:02:00.507010,58.5
2020-04-26 03:02:01.521809,59.1
2020-04-26 03:02:02.536443,58.0
2020-04-26 03:02:03.551190,59.6
2020-04-26 03:02:04.565731,59.1
2020-04-26 03:02:05.581922,58.5
2020-04-26 03:02:06.596847,59.1
2020-04-26 03:02:07.612669,59.1
2020-04-26 03:02:08.627542,59.1
2020-04-26 03:02:09.642622,58.0
2020-04-26 03:02:10.657168,59.1
2020-04-26 03:02:11.671843,59.1
2020-04-26 03:02:12.686435,58.5
2020-04-26 03:02:13.701084,58.5
2020-04-26 03:02:14.715609,59.1
2020-04-26 03:02:15.730337,58.0
2020-04-26 03:02:16.745073,59.1
2020-04-26 03:02:17.759966,59.1
2020-04-26 03:02:18.774546,59.1
2020-04-26 03:02:19.789244,59.1
2020-04-26 03:02:20.804321,59.1
2020-04-26 03:02:21.819041,59.1
2020-04-26 03:02:22.834346,59.1
2020-04-26 03:02:23.849265,58.5
2020-04-26 03:02:24.864223,59.1
2020-04-26 03:02:25.879031,58.5
2020-04-26 03:02:26.894299,59.1
2020-04-26 03:02:27.910522,59.1
2020-04-26 03:02:28.925556,59.1
2020-04-26 03:02:29.940401,59.1
2020-04-26 03:02:30.955335,58.5
2020-04-26 03:02:31.970281,59.1
2020-04-26 03:02:32.985428,58.5
2020-04-26 03:02:34.000534,59.1
2020-04-26 03:02:35.015764,59.1
2020-04-26 03:02:36.031107,58.5
2020-04-26 03:02:37.045877,58.5
2020-04-26 03:02:38.060585,58.5
2020-04-26 03:02:39.075767,59.1
2020-04-26 03:02:40.090691,58.5
2020-04-26 03:02:41.105816,59.1
2020-04-26 03:02:42.120800,58.0
2020-04-26 03:02:43.136137,59.1
2020-04-26 03:02:44.151004,58.5
2020-04-26 03:02:45.166150,59.1
2020-04-26 03:02:46.181136,59.1
2020-04-26 03:02:47.196528,58.0
2020-04-26 03:02:48.212155,58.5
2020-04-26 03:02:49.227142,59.1
2020-04-26 03:02:50.242952,58.0
2020-04-26 03:02:51.258003,59.1
2020-04-26 03:02:52.282186,59.1
2020-04-26 03:02:53.297258,58.5
2020-04-26 03:02:54.312601,58.0
2020-04-26 03:02:55.327532,58.5
2020-04-26 03:02:56.342897,59.1
2020-04-26 03:02:57.367175,59.1
2020-04-26 03:02:58.382179,59.1
2020-04-26 03:02:59.397288,58.5
2020-04-26 03:03:00.412502,58.5
2020-04-26 03:03:01.427530,59.1
2020-04-26 03:03:02.451789,58.5
2020-04-26 03:03:03.466724,58.5
2020-04-26 03:03:04.482231,58.5
2020-04-26 03:03:05.497265,58.5
2020-04-26 03:03:06.512644,58.5
2020-04-26 03:03:07.537008,58.5
2020-04-26 03:03:08.552071,58.5
2020-04-26 03:03:09.567322,58.5
2020-04-26 03:03:10.582325,58.0
2020-04-26 03:03:11.597184,58.5
2020-04-26 03:03:12.621239,59.1
2020-04-26 03:03:13.636185,59.1
2020-04-26 03:03:14.651944,59.1
2020-04-26 03:03:15.666831,58.5
2020-04-26 03:03:16.681887,58.5
2020-04-26 03:03:17.706735,58.5
2020-04-26 03:03:18.721771,59.1
2020-04-26 03:03:19.736698,59.1
2020-04-26 03:03:20.751827,59.1
2020-04-26 03:03:21.767047,58.5
2020-04-26 03:03:22.790899,59.1
2020-04-26 03:03:23.805886,58.5
2020-04-26 03:03:24.820879,59.6
2020-04-26 03:03:25.835866,59.1
2020-04-26 03:03:26.851038,59.1
2020-04-26 03:03:27.875102,59.1
2020-04-26 03:03:28.890651,58.5
2020-04-26 03:03:29.905504,59.1
2020-04-26 03:03:30.920659,58.5
2020-04-26 03:03:31.936373,59.1
2020-04-26 03:03:32.951885,59.1
2020-04-26 03:03:33.967319,59.1
2020-04-26 03:03:34.982675,59.1
2020-04-26 03:03:35.997813,59.6
2020-04-26 03:03:37.013367,59.1
2020-04-26 03:03:38.028837,58.5
2020-04-26 03:03:39.044161,58.5
2020-04-26 03:03:40.060357,59.1
2020-04-26 03:03:41.075654,59.1
2020-04-26 03:03:42.090490,59.1
2020-04-26 03:03:43.105471,58.5
2020-04-26 03:03:44.120284,59.1
2020-04-26 03:03:45.146024,59.1
2020-04-26 03:03:46.162233,59.1
2020-04-26 03:03:47.178244,59.1
2020-04-26 03:03:48.193193,59.1
2020-04-26 03:03:49.208237,58.5
2020-04-26 03:03:50.232599,58.5
2020-04-26 03:03:51.247813,59.1
2020-04-26 03:03:52.262985,58.5
2020-04-26 03:03:53.278212,59.1
2020-04-26 03:03:54.293278,59.1
2020-04-26 03:03:55.317471,58.5
2020-04-26 03:03:56.333445,59.1
2020-04-26 03:03:57.349015,58.5
2020-04-26 03:03:58.364592,59.1
2020-04-26 03:03:59.379936,58.0
2020-04-26 03:04:00.404157,58.5
2020-04-26 03:04:01.419267,58.5
2020-04-26 03:04:02.434543,58.5
2020-04-26 03:04:03.449495,59.1
2020-04-26 03:04:04.464747,59.1
2020-04-26 03:04:05.488784,59.1
2020-04-26 03:04:06.503824,58.5
2020-04-26 03:04:07.519028,58.5
2020-04-26 03:04:08.534243,59.1
2020-04-26 03:04:09.549453,59.1
2020-04-26 03:04:10.573845,59.1
2020-04-26 03:04:11.588827,59.1
2020-04-26 03:04:12.603981,58.5
2020-04-26 03:04:13.619005,59.1
2020-04-26 03:04:14.634731,59.1
2020-04-26 03:04:15.660068,59.1
2020-04-26 03:04:16.675595,59.1
2020-04-26 03:04:17.691520,59.1
2020-04-26 03:04:18.706992,59.1
2020-04-26 03:04:19.722574,59.1
2020-04-26 03:04:20.747028,59.1
2020-04-26 03:04:21.762704,59.1
2020-04-26 03:04:22.778344,58.5
2020-04-26 03:04:23.794070,58.5
2020-04-26 03:04:24.809555,59.1
2020-04-26 03:04:25.828955,59.1
2020-04-26 03:04:26.844662,59.1
2020-04-26 03:04:27.860741,59.1
2020-04-26 03:04:28.876627,58.0
2020-04-26 03:04:29.892448,58.0
2020-04-26 03:04:30.912158,59.1
2020-04-26 03:04:31.927034,58.0
2020-04-26 03:04:32.941989,59.1
2020-04-26 03:04:33.956779,59.1
2020-04-26 03:04:34.971941,59.1
2020-04-26 03:04:35.991382,58.5
2020-04-26 03:04:37.006300,58.5
2020-04-26 03:04:38.021459,59.1
2020-04-26 03:04:39.036367,58.0
2020-04-26 03:04:40.051072,59.1
2020-04-26 03:04:41.070466,59.1
2020-04-26 03:04:42.085400,59.1
2020-04-26 03:04:43.100565,59.1
2020-04-26 03:04:44.115532,59.1
2020-04-26 03:04:45.130527,59.1
2020-04-26 03:04:46.145341,59.1
2020-04-26 03:04:47.160378,58.5
2020-04-26 03:04:48.175270,59.1
2020-04-26 03:04:49.190534,59.1
2020-04-26 03:04:50.205535,59.1
2020-04-26 03:04:51.220353,59.1
2020-04-26 03:04:52.235278,59.1
2020-04-26 03:04:53.251026,59.1
2020-04-26 03:04:54.266027,59.1
2020-04-26 03:04:55.280925,59.1
2020-04-26 03:04:56.296148,58.5
2020-04-26 03:04:57.311175,58.5
2020-04-26 03:04:58.330490,58.5
2020-04-26 03:04:59.345840,59.1
2020-04-26 03:05:00.360844,58.5
2020-04-26 03:05:01.375965,58.5
2020-04-26 03:05:02.391127,58.5
2020-04-26 03:05:03.410713,58.5
2020-04-26 03:05:04.426052,59.1
2020-04-26 03:05:05.442663,58.5
2020-04-26 03:05:06.458593,59.1
2020-04-26 03:05:07.474316,59.1
2020-04-26 03:05:08.489934,59.1
2020-04-26 03:05:09.505425,59.1
2020-04-26 03:05:10.520308,59.1
2020-04-26 03:05:11.536123,59.1
2020-04-26 03:05:12.551988,59.1
2020-04-26 03:05:13.567038,59.1
2020-04-26 03:05:14.583135,59.1
2020-04-26 03:05:15.597889,58.5
2020-04-26 03:05:16.613086,58.5
2020-04-26 03:05:17.627764,59.1
2020-04-26 03:05:18.642821,59.1
2020-04-26 03:05:19.658938,59.1
2020-04-26 03:05:20.674410,59.1
2020-04-26 03:05:21.689118,58.5
2020-04-26 03:05:22.704048,59.1
2020-04-26 03:05:23.718680,58.5
2020-04-26 03:05:24.733528,59.1
2020-04-26 03:05:25.748377,59.1
2020-04-26 03:05:26.763787,59.1
2020-04-26 03:05:27.778770,58.5
2020-04-26 03:05:28.793991,59.1
2020-04-26 03:05:29.809050,59.1
2020-04-26 03:05:30.824139,59.1
2020-04-26 03:05:31.839390,59.1
2020-04-26 03:05:32.854803,59.1
2020-04-26 03:05:33.870480,58.0
2020-04-26 03:05:34.885636,58.0
2020-04-26 03:05:35.900736,59.1
2020-04-26 03:05:36.916263,59.1
2020-04-26 03:05:37.941973,59.1
2020-04-26 03:05:38.956971,59.1
2020-04-26 03:05:39.972714,59.1
2020-04-26 03:05:40.987792,59.1
2020-04-26 03:05:42.002679,58.5
2020-04-26 03:05:43.027697,58.5
2020-04-26 03:05:44.042656,59.1
2020-04-26 03:05:45.057548,58.5
2020-04-26 03:05:46.072628,58.5
2020-04-26 03:05:47.087801,59.1
2020-04-26 03:05:48.112774,58.5
2020-04-26 03:05:49.127623,59.1
2020-04-26 03:05:50.143024,59.1
2020-04-26 03:05:51.158507,58.5
2020-04-26 03:05:52.174353,59.1
2020-04-26 03:05:53.199365,58.5
2020-04-26 03:05:54.214551,59.1
2020-04-26 03:05:55.229801,58.5
2020-04-26 03:05:56.244740,58.5
2020-04-26 03:05:57.260036,58.5
2020-04-26 03:05:58.285160,58.5
2020-04-26 03:05:59.300380,59.1
2020-04-26 03:06:00.315320,58.5
2020-04-26 03:06:01.330930,59.1
2020-04-26 03:06:02.345847,59.1
2020-04-26 03:06:03.370356,58.5
2020-04-26 03:06:04.386099,59.1
2020-04-26 03:06:05.402195,59.6
2020-04-26 03:06:06.416875,58.5
2020-04-26 03:06:07.432510,58.5
2020-04-26 03:06:08.447914,58.0
2020-04-26 03:06:09.462696,59.1
2020-04-26 03:06:10.477473,59.1
2020-04-26 03:06:11.492424,58.5
2020-04-26 03:06:12.507534,59.1
2020-04-26 03:06:13.522369,58.5
2020-04-26 03:06:14.538153,58.5
2020-04-26 03:06:15.552992,58.5
2020-04-26 03:06:16.567749,59.1
2020-04-26 03:06:17.582630,59.1
2020-04-26 03:06:18.597629,58.5
2020-04-26 03:06:19.612364,59.1
2020-04-26 03:06:20.627507,59.1
2020-04-26 03:06:21.643145,58.5
2020-04-26 03:06:22.658018,59.1
2020-04-26 03:06:23.673012,58.5
2020-04-26 03:06:24.688329,59.1
2020-04-26 03:06:25.703599,59.1
2020-04-26 03:06:26.727826,59.1
2020-04-26 03:06:27.742818,59.1
2020-04-26 03:06:28.757806,59.1
2020-04-26 03:06:29.772746,58.5
2020-04-26 03:06:30.787797,59.1
2020-04-26 03:06:31.812088,59.1
2020-04-26 03:06:32.826971,59.1
2020-04-26 03:06:33.842158,58.0
2020-04-26 03:06:34.857171,59.6
2020-04-26 03:06:35.872651,58.5
2020-04-26 03:06:36.897004,58.0
2020-04-26 03:06:37.912150,58.5
2020-04-26 03:06:38.927154,59.1
2020-04-26 03:06:39.942313,59.1
2020-04-26 03:06:40.957487,58.5
2020-04-26 03:06:41.977051,58.5
2020-04-26 03:06:42.992393,58.5
2020-04-26 03:06:44.007665,58.5
2020-04-26 03:06:45.022791,59.1
2020-04-26 03:06:46.037899,58.5
2020-04-26 03:06:47.057411,58.5
2020-04-26 03:06:48.072603,59.1
2020-04-26 03:06:49.087868,58.5
2020-04-26 03:06:50.102970,58.5
2020-04-26 03:06:51.118090,58.5
2020-04-26 03:06:52.137683,58.0
2020-04-26 03:06:53.153182,58.0
2020-04-26 03:06:54.168089,58.5
2020-04-26 03:06:55.183454,58.5
2020-04-26 03:06:56.199337,59.1
2020-04-26 03:06:57.214855,58.0
2020-04-26 03:06:58.230255,59.1
2020-04-26 03:06:59.245990,58.5
2020-04-26 03:07:00.262343,58.5
2020-04-26 03:07:01.277424,59.1
2020-04-26 03:07:02.293367,58.5
2020-04-26 03:07:03.308239,59.1
2020-04-26 03:07:04.323085,59.1
2020-04-26 03:07:05.338225,58.5
2020-04-26 03:07:06.353676,58.5
2020-04-26 03:07:07.369354,59.1
2020-04-26 03:07:08.384907,58.5
2020-04-26 03:07:09.400620,59.1
2020-04-26 03:07:10.415327,59.1
2020-04-26 03:07:11.430371,58.5
2020-04-26 03:07:12.445196,58.5
2020-04-26 03:07:13.460544,58.5
2020-04-26 03:07:14.475338,58.5
2020-04-26 03:07:15.490367,58.5
2020-04-26 03:07:16.505463,58.5
2020-04-26 03:07:17.520459,59.1
2020-04-26 03:07:18.535570,59.1
2020-04-26 03:07:19.550665,59.1
2020-04-26 03:07:20.570157,59.1
2020-04-26 03:07:21.585302,58.5
2020-04-26 03:07:22.600285,59.1
2020-04-26 03:07:23.615197,59.1
2020-04-26 03:07:24.630279,59.1
2020-04-26 03:07:25.650026,58.0
2020-04-26 03:07:26.665485,58.0
2020-04-26 03:07:27.681756,59.1
2020-04-26 03:07:28.697308,58.5
2020-04-26 03:07:29.712258,58.5
2020-04-26 03:07:30.732532,59.1
2020-04-26 03:07:31.747601,58.5
2020-04-26 03:07:32.762558,58.0
2020-04-26 03:07:33.777540,59.1
2020-04-26 03:07:34.792640,58.5
2020-04-26 03:07:35.812040,59.1
2020-04-26 03:07:36.827162,58.5
2020-04-26 03:07:37.842439,58.5
2020-04-26 03:07:38.857371,58.5
2020-04-26 03:07:39.871907,58.0
2020-04-26 03:07:40.891654,58.5
2020-04-26 03:07:41.906767,59.1
2020-04-26 03:07:42.921912,59.1
2020-04-26 03:07:43.937096,59.1
2020-04-26 03:07:44.952015,58.5
2020-04-26 03:07:45.971091,58.5
2020-04-26 03:07:46.986110,59.1
2020-04-26 03:07:48.001462,59.1
2020-04-26 03:07:49.016482,58.5
2020-04-26 03:07:50.032045,59.1
2020-04-26 03:07:51.051214,59.1
2020-04-26 03:07:52.066299,59.1
2020-04-26 03:07:53.081494,59.1
2020-04-26 03:07:54.096451,59.1
2020-04-26 03:07:55.111617,59.1
2020-04-26 03:07:56.131054,59.1
2020-04-26 03:07:57.145970,59.1
2020-04-26 03:07:58.161216,59.1
2020-04-26 03:07:59.176305,58.5
2020-04-26 03:08:00.191544,59.1
2020-04-26 03:08:01.211030,58.5
2020-04-26 03:08:02.226851,58.5
2020-04-26 03:08:03.242520,59.1
2020-04-26 03:08:04.257564,58.5
2020-04-26 03:08:05.272887,58.5
2020-04-26 03:08:06.292087,58.5
2020-04-26 03:08:07.307116,59.1
2020-04-26 03:08:08.322126,59.1
2020-04-26 03:08:09.337147,59.1
2020-04-26 03:08:10.351995,59.1
2020-04-26 03:08:11.371461,58.5
2020-04-26 03:08:12.386375,59.1
2020-04-26 03:08:13.401646,58.5
2020-04-26 03:08:14.416759,59.1
2020-04-26 03:08:15.431858,58.5
2020-04-26 03:08:16.447575,58.0
2020-04-26 03:08:17.462747,59.1
2020-04-26 03:08:18.477631,59.1
2020-04-26 03:08:19.492644,58.5
2020-04-26 03:08:20.507379,58.0
2020-04-26 03:08:21.522282,59.1
2020-04-26 03:08:22.537001,58.0
2020-04-26 03:08:23.552609,58.0
2020-04-26 03:08:24.567455,58.5
2020-04-26 03:08:25.582360,58.5
2020-04-26 03:08:26.599134,59.6
2020-04-26 03:08:27.614859,59.1
2020-04-26 03:08:28.630651,58.5
2020-04-26 03:08:29.645403,58.5
2020-04-26 03:08:30.660568,58.5
2020-04-26 03:08:31.675613,59.1
2020-04-26 03:08:32.690686,58.5
2020-04-26 03:08:33.705716,58.5
2020-04-26 03:08:34.721052,59.1
2020-04-26 03:08:35.736058,59.1
2020-04-26 03:08:36.752026,58.5
2020-04-26 03:08:37.767047,59.1
2020-04-26 03:08:38.782110,59.1
2020-04-26 03:08:39.797076,58.5
2020-04-26 03:08:40.816583,59.1
2020-04-26 03:08:41.831692,59.1
2020-04-26 03:08:42.846652,58.5
2020-04-26 03:08:43.861930,59.1
2020-04-26 03:08:44.877184,59.1
2020-04-26 03:08:45.896856,59.1
2020-04-26 03:08:46.912610,59.1
2020-04-26 03:08:47.927564,58.0
2020-04-26 03:08:48.943202,59.1
2020-04-26 03:08:49.957969,59.1
2020-04-26 03:08:50.972858,59.1
2020-04-26 03:08:51.987635,59.1
2020-04-26 03:08:53.002501,58.5
2020-04-26 03:08:54.017484,58.5
2020-04-26 03:08:55.032431,58.5
2020-04-26 03:08:56.047269,58.0
2020-04-26 03:08:57.062377,59.1
2020-04-26 03:08:58.077205,59.1
2020-04-26 03:08:59.092207,58.5
2020-04-26 03:09:00.106978,59.1
2020-04-26 03:09:01.121899,59.1
2020-04-26 03:09:02.137706,59.1
2020-04-26 03:09:03.152745,58.5
2020-04-26 03:09:04.167873,58.5
2020-04-26 03:09:05.182780,59.1
2020-04-26 03:09:06.190324,58.5
2020-04-26 03:09:07.205405,59.1
2020-04-26 03:09:08.220468,59.1
2020-04-26 03:09:09.236961,58.5
2020-04-26 03:09:10.252221,59.1
2020-04-26 03:09:11.267856,59.1
2020-04-26 03:09:12.283359,58.5
2020-04-26 03:09:13.298589,58.5
2020-04-26 03:09:14.313884,59.1
2020-04-26 03:09:15.329167,58.5
2020-04-26 03:09:16.344110,58.5
2020-04-26 03:09:17.359012,59.1
2020-04-26 03:09:18.374021,58.5
2020-04-26 03:09:19.389415,59.1
2020-04-26 03:09:20.405149,58.5
2020-04-26 03:09:21.420463,59.1
2020-04-26 03:09:22.435302,59.1
2020-04-26 03:09:23.450659,58.5
2020-04-26 03:09:24.466115,59.1
2020-04-26 03:09:25.485396,59.1
2020-04-26 03:09:26.500369,59.1
2020-04-26 03:09:27.515580,59.1
2020-04-26 03:09:28.530476,59.1
2020-04-26 03:09:29.545452,58.5
2020-04-26 03:09:30.564836,59.1
2020-04-26 03:09:31.580149,58.5
2020-04-26 03:09:32.595143,59.1
2020-04-26 03:09:33.610385,58.5
2020-04-26 03:09:34.625227,59.1
2020-04-26 03:09:35.644527,58.5
2020-04-26 03:09:36.660134,59.1
2020-04-26 03:09:37.674907,59.1
2020-04-26 03:09:38.690644,59.1
2020-04-26 03:09:39.705672,58.0
2020-04-26 03:09:40.725851,58.5
2020-04-26 03:09:41.740721,59.1
2020-04-26 03:09:42.755699,59.1
2020-04-26 03:09:43.770649,58.0
2020-04-26 03:09:44.785591,59.1
2020-04-26 03:09:45.805656,59.1
2020-04-26 03:09:46.820692,58.5
2020-04-26 03:09:47.835778,59.1
2020-04-26 03:09:48.850251,58.5
2020-04-26 03:09:49.865194,59.1
2020-04-26 03:09:50.884754,58.5
2020-04-26 03:09:51.899976,59.1
2020-04-26 03:09:52.915187,58.5
2020-04-26 03:09:53.930300,58.5
2020-04-26 03:09:54.945287,59.1
2020-04-26 03:09:55.964669,58.5
2020-04-26 03:09:56.979899,58.0
2020-04-26 03:09:57.994692,59.1
2020-04-26 03:09:59.009780,59.1
2020-04-26 03:10:00.024826,58.0
2020-04-26 03:10:01.044564,59.1
2020-04-26 03:10:02.059753,58.5
2020-04-26 03:10:03.074766,58.5
2020-04-26 03:10:04.090071,58.5
2020-04-26 03:10:05.104998,58.5
2020-04-26 03:10:06.124503,58.5
2020-04-26 03:10:07.140383,58.5
2020-04-26 03:10:08.155244,59.1
2020-04-26 03:10:09.170323,59.1
2020-04-26 03:10:10.186233,58.0
2020-04-26 03:10:11.201816,58.5
2020-04-26 03:10:12.216761,59.1
2020-04-26 03:10:13.232127,59.1
2020-04-26 03:10:14.247854,58.5
2020-04-26 03:10:15.263260,59.1
2020-04-26 03:10:16.278670,59.1
2020-04-26 03:10:17.294267,59.1
2020-04-26 03:10:18.309303,58.5
2020-04-26 03:10:19.324262,58.5
2020-04-26 03:10:20.338968,59.1
2020-04-26 03:10:21.353979,59.1
2020-04-26 03:10:22.368839,58.5
2020-04-26 03:10:23.384005,58.5
2020-04-26 03:10:24.399035,58.0
2020-04-26 03:10:25.414373,59.1
2020-04-26 03:10:26.429575,59.1
2020-04-26 03:10:27.444678,58.5
2020-04-26 03:10:28.459606,59.1
2020-04-26 03:10:29.474683,59.1
2020-04-26 03:10:30.490580,58.5
2020-04-26 03:10:31.505624,59.1
2020-04-26 03:10:32.520489,58.5
2020-04-26 03:10:33.535418,59.1
2020-04-26 03:10:34.550694,58.5
2020-04-26 03:10:35.570018,59.1
2020-04-26 03:10:36.585015,59.1
2020-04-26 03:10:37.600157,58.5
2020-04-26 03:10:38.615229,59.1
2020-04-26 03:10:39.630387,58.5
2020-04-26 03:10:40.649775,59.1
2020-04-26 03:10:41.664740,59.1
2020-04-26 03:10:42.679492,58.5
2020-04-26 03:10:43.694480,59.1
2020-04-26 03:10:44.709738,59.1
2020-04-26 03:10:45.729183,59.1
2020-04-26 03:10:46.744375,59.1
2020-04-26 03:10:47.759525,58.5
2020-04-26 03:10:48.774839,58.0
2020-04-26 03:10:49.790070,59.1
2020-04-26 03:10:50.809148,58.0
2020-04-26 03:10:51.824946,58.0
2020-04-26 03:10:52.839874,59.1
2020-04-26 03:10:53.854988,58.5
2020-04-26 03:10:54.870282,59.1
2020-04-26 03:10:55.884952,59.1
2020-04-26 03:10:56.894314,59.1
2020-04-26 03:10:57.909309,59.6
2020-04-26 03:10:58.924812,59.1
2020-04-26 03:10:59.939767,58.0
2020-04-26 03:11:00.954788,58.5
2020-04-26 03:11:01.970104,59.1
2020-04-26 03:11:02.985338,58.5
2020-04-26 03:11:04.000757,58.5
2020-04-26 03:11:05.015406,58.5
2020-04-26 03:11:06.031025,59.1
2020-04-26 03:11:07.045886,58.0
2020-04-26 03:11:08.065683,58.5
2020-04-26 03:11:09.080590,59.1
2020-04-26 03:11:10.095409,58.5
2020-04-26 03:11:11.110443,58.5
2020-04-26 03:11:12.125367,58.5
2020-04-26 03:11:13.144615,58.5
2020-04-26 03:11:14.160109,59.1
2020-04-26 03:11:15.174811,58.5
2020-04-26 03:11:16.189930,59.1
2020-04-26 03:11:17.204861,58.5
2020-04-26 03:11:18.224584,58.5
2020-04-26 03:11:19.239984,58.5
2020-04-26 03:11:20.254906,58.5
2020-04-26 03:11:21.270146,59.1
2020-04-26 03:11:22.285457,59.1
2020-04-26 03:11:23.304904,58.5
2020-04-26 03:11:24.320460,58.5
2020-04-26 03:11:25.335243,59.1
2020-04-26 03:11:26.350411,58.0
2020-04-26 03:11:27.366296,58.0
2020-04-26 03:11:28.381816,59.1
2020-04-26 03:11:29.396808,58.5
2020-04-26 03:11:30.412322,58.5
2020-04-26 03:11:31.428181,58.5
2020-04-26 03:11:32.443372,58.0
2020-04-26 03:11:33.458420,59.1
2020-04-26 03:11:34.473300,58.5
2020-04-26 03:11:35.488183,58.5
2020-04-26 03:11:36.503047,58.5
2020-04-26 03:11:37.517996,58.5
2020-04-26 03:11:38.533663,59.1
2020-04-26 03:11:39.548607,58.5
2020-04-26 03:11:40.563956,58.5
2020-04-26 03:11:41.579856,59.1
2020-04-26 03:11:42.594593,58.5
2020-04-26 03:11:43.609587,59.1
2020-04-26 03:11:44.624644,59.1
2020-04-26 03:11:45.639842,59.1
2020-04-26 03:11:46.654573,59.1
2020-04-26 03:11:47.669509,59.1
2020-04-26 03:11:48.684500,58.5
2020-04-26 03:11:49.700076,58.5
2020-04-26 03:11:50.715551,59.1
2020-04-26 03:11:51.734604,59.1
2020-04-26 03:11:52.749741,58.5
2020-04-26 03:11:53.764767,59.1
2020-04-26 03:11:54.779867,59.1
2020-04-26 03:11:55.794658,58.5
2020-04-26 03:11:56.814293,58.5
2020-04-26 03:11:57.830627,58.5
2020-04-26 03:11:58.845566,59.1
2020-04-26 03:11:59.861454,58.5
2020-04-26 03:12:00.876383,59.1
2020-04-26 03:12:01.895746,58.5
2020-04-26 03:12:02.910355,59.1
2020-04-26 03:12:03.925156,59.1
2020-04-26 03:12:04.940570,58.0
2020-04-26 03:12:05.955462,58.5
2020-04-26 03:12:06.974889,59.1
2020-04-26 03:12:07.994679,58.5
2020-04-26 03:12:09.009513,59.1
2020-04-26 03:12:10.024493,59.1
2020-04-26 03:12:11.039342,58.5
2020-04-26 03:12:12.058977,59.1
2020-04-26 03:12:13.073849,58.0
2020-04-26 03:12:14.088775,58.5
2020-04-26 03:12:15.103667,59.1
2020-04-26 03:12:16.118612,59.1
2020-04-26 03:12:17.138065,59.1
2020-04-26 03:12:18.153186,59.1
2020-04-26 03:12:19.168072,58.5
2020-04-26 03:12:20.183052,59.1
2020-04-26 03:12:21.197866,59.1
2020-04-26 03:12:22.217241,58.5
2020-04-26 03:12:23.232227,58.5
2020-04-26 03:12:24.247146,59.1
2020-04-26 03:12:25.261597,59.1
2020-04-26 03:12:26.276559,58.5
2020-04-26 03:12:27.296077,58.0
2020-04-26 03:12:28.311241,59.1
2020-04-26 03:12:29.326818,58.5
2020-04-26 03:12:30.342671,59.1
2020-04-26 03:12:31.357510,58.5
2020-04-26 03:12:32.377230,59.1
2020-04-26 03:12:33.392358,58.5
2020-04-26 03:12:34.407385,58.5
2020-04-26 03:12:35.422498,59.1
2020-04-26 03:12:36.437448,59.1
2020-04-26 03:12:37.457080,59.1
2020-04-26 03:12:38.472396,58.5
2020-04-26 03:12:39.487537,58.0
2020-04-26 03:12:40.502804,59.1
2020-04-26 03:12:41.517840,58.5
2020-04-26 03:12:42.537314,58.5
2020-04-26 03:12:43.555432,59.1
2020-04-26 03:12:44.570513,59.1
2020-04-26 03:12:45.585469,59.1
2020-04-26 03:12:46.600502,59.1
2020-04-26 03:12:47.620136,58.5
2020-04-26 03:12:48.635341,58.0
2020-04-26 03:12:49.650506,58.0
2020-04-26 03:12:50.665787,59.1
2020-04-26 03:12:51.681042,58.5
2020-04-26 03:12:52.700740,59.1
2020-04-26 03:12:53.715713,59.1
2020-04-26 03:12:54.730824,59.1
2020-04-26 03:12:55.746048,58.5
2020-04-26 03:12:56.760922,58.5
2020-04-26 03:12:57.776196,59.1
2020-04-26 03:12:58.792262,59.1
2020-04-26 03:12:59.808354,58.0
2020-04-26 03:13:00.824150,58.5
2020-04-26 03:13:01.839607,59.1
2020-04-26 03:13:02.854924,59.1
2020-04-26 03:13:03.874841,58.5
2020-04-26 03:13:04.890023,58.5
2020-04-26 03:13:05.904822,58.5
2020-04-26 03:13:06.920125,59.1
2020-04-26 03:13:07.935088,59.1
2020-04-26 03:13:08.954947,59.1
2020-04-26 03:13:09.970008,59.1
2020-04-26 03:13:10.985048,58.0
2020-04-26 03:13:12.000001,58.5
2020-04-26 03:13:13.014907,59.1
2020-04-26 03:13:14.034309,59.1
2020-04-26 03:13:15.049751,58.5
2020-04-26 03:13:16.064898,59.1
2020-04-26 03:13:17.081438,58.0
2020-04-26 03:13:18.097938,59.1
2020-04-26 03:13:19.118074,58.0
2020-04-26 03:13:20.133045,58.5
2020-04-26 03:13:21.147869,58.0
2020-04-26 03:13:22.162811,59.1
2020-04-26 03:13:23.177452,59.1
2020-04-26 03:13:24.192346,58.5
2020-04-26 03:13:25.207326,58.5
2020-04-26 03:13:26.222619,59.1
2020-04-26 03:13:27.238310,59.1
2020-04-26 03:13:28.253828,59.1
2020-04-26 03:13:29.269559,59.6
2020-04-26 03:13:30.288779,59.1
2020-04-26 03:13:31.304083,58.5
2020-04-26 03:13:32.319248,58.0
2020-04-26 03:13:33.335172,58.5
2020-04-26 03:13:34.350339,59.1
2020-04-26 03:13:35.369921,58.5
2020-04-26 03:13:36.385089,58.5
2020-04-26 03:13:37.400380,58.5
2020-04-26 03:13:38.415242,59.1
2020-04-26 03:13:39.430560,59.1
2020-04-26 03:13:40.445306,58.5
2020-04-26 03:13:41.460818,58.0
2020-04-26 03:13:42.475994,59.1
2020-04-26 03:13:43.490844,59.1
2020-04-26 03:13:44.505724,58.5
2020-04-26 03:13:45.520625,58.5
2020-04-26 03:13:46.535471,58.0
2020-04-26 03:13:47.550356,58.5
2020-04-26 03:13:48.565259,59.1
2020-04-26 03:13:49.580276,58.0
2020-04-26 03:13:50.595128,58.0
2020-04-26 03:13:51.609905,59.1
2020-04-26 03:13:52.624828,58.5
2020-04-26 03:13:53.640130,58.5
2020-04-26 03:13:54.655071,58.5
2020-04-26 03:13:55.669845,59.1
2020-04-26 03:13:56.684832,58.5
2020-04-26 03:13:57.700293,59.1
2020-04-26 03:13:58.715357,59.1
2020-04-26 03:13:59.730715,58.5
2020-04-26 03:14:00.746395,59.1
2020-04-26 03:14:01.762423,58.5
2020-04-26 03:14:02.777936,59.1
2020-04-26 03:14:03.793967,58.5
2020-04-26 03:14:04.809805,59.1
2020-04-26 03:14:05.824961,59.1
2020-04-26 03:14:06.840754,58.5
2020-04-26 03:14:07.857202,59.1
2020-04-26 03:14:08.872951,59.1
2020-04-26 03:14:09.888724,58.5
2020-04-26 03:14:10.904732,59.1
2020-04-26 03:14:11.920360,58.5
2020-04-26 03:14:12.935862,59.1
2020-04-26 03:14:13.951613,58.5
2020-04-26 03:14:14.966561,59.1
2020-04-26 03:14:15.981594,58.5
2020-04-26 03:14:16.997283,59.1
2020-04-26 03:14:18.012415,59.1
2020-04-26 03:14:19.027008,59.1
2020-04-26 03:14:20.041914,59.1
2020-04-26 03:14:21.056706,59.1
2020-04-26 03:14:22.072410,58.5
2020-04-26 03:14:23.091444,59.1
2020-04-26 03:14:24.099956,59.1
2020-04-26 03:14:25.114898,59.1
2020-04-26 03:14:26.130215,59.1
2020-04-26 03:14:27.145791,59.1
2020-04-26 03:14:28.165112,59.1
2020-04-26 03:14:29.180675,59.1
2020-04-26 03:14:30.196156,59.1
2020-04-26 03:14:31.212155,59.1
2020-04-26 03:14:32.227771,59.1
2020-04-26 03:14:33.242901,58.5
2020-04-26 03:14:34.258016,59.1
2020-04-26 03:14:35.273071,59.1
2020-04-26 03:14:36.287777,58.5
2020-04-26 03:14:37.302592,58.5
2020-04-26 03:14:38.317357,59.1
2020-04-26 03:14:39.332344,59.1
2020-04-26 03:14:40.347152,59.1
2020-04-26 03:14:41.361971,58.5
2020-04-26 03:14:42.376723,58.5
2020-04-26 03:14:43.392852,58.5
2020-04-26 03:14:44.407667,58.0
2020-04-26 03:14:45.423026,58.5
2020-04-26 03:14:46.438520,59.1
2020-04-26 03:14:47.453867,59.1
2020-04-26 03:14:48.468605,59.1
2020-04-26 03:14:49.483593,58.5
2020-04-26 03:14:50.498344,58.5
2020-04-26 03:14:51.513427,59.1
2020-04-26 03:14:52.528378,59.1
2020-04-26 03:14:53.543342,58.5
2020-04-26 03:14:54.558277,59.1
2020-04-26 03:14:55.573069,58.0
2020-04-26 03:14:56.588037,59.1
2020-04-26 03:14:57.603363,58.5
2020-04-26 03:14:58.618435,59.1
2020-04-26 03:14:59.633437,59.1
2020-04-26 03:15:00.648381,58.5
2020-04-26 03:15:01.663478,58.5
2020-04-26 03:15:02.682903,59.1
2020-04-26 03:15:03.697797,58.5
2020-04-26 03:15:04.712978,58.5
2020-04-26 03:15:05.727759,58.5
2020-04-26 03:15:06.743115,58.5
2020-04-26 03:15:07.762682,58.5
2020-04-26 03:15:08.778395,58.0
2020-04-26 03:15:09.794090,58.5
2020-04-26 03:15:10.809454,59.1
2020-04-26 03:15:11.826005,59.1
2020-04-26 03:15:12.845242,59.1
2020-04-26 03:15:13.860238,58.5
2020-04-26 03:15:14.875061,59.1
2020-04-26 03:15:15.890114,58.0
2020-04-26 03:15:16.905414,58.5
2020-04-26 03:15:17.925250,58.0
2020-04-26 03:15:18.940312,59.1
2020-04-26 03:15:19.955304,59.1
2020-04-26 03:15:20.970312,58.5
2020-04-26 03:15:21.985735,58.0
2020-04-26 03:15:23.005100,59.1
2020-04-26 03:15:24.020601,59.1
2020-04-26 03:15:25.035571,58.5
2020-04-26 03:15:26.050797,58.5
2020-04-26 03:15:27.065729,58.5
2020-04-26 03:15:28.085902,58.5
2020-04-26 03:15:29.100967,58.5
2020-04-26 03:15:30.116010,58.5
2020-04-26 03:15:31.131117,58.5
2020-04-26 03:15:32.145973,58.5
2020-04-26 03:15:33.165415,58.5
2020-04-26 03:15:34.180399,58.5
2020-04-26 03:15:35.195384,59.1
2020-04-26 03:15:36.210419,59.1
2020-04-26 03:15:37.225522,59.1
2020-04-26 03:15:38.245083,59.1
2020-04-26 03:15:39.260828,59.1
2020-04-26 03:15:40.275524,58.5
2020-04-26 03:15:41.291225,58.5
2020-04-26 03:15:42.306282,58.5
2020-04-26 03:15:43.325741,59.1
2020-04-26 03:15:44.340804,58.5
2020-04-26 03:15:45.355699,58.5
2020-04-26 03:15:46.370765,59.1
2020-04-26 03:15:47.386041,58.0
2020-04-26 03:15:48.406568,59.1
2020-04-26 03:15:49.423045,58.5
2020-04-26 03:15:50.438370,59.1
2020-04-26 03:15:51.454269,58.5
2020-04-26 03:15:52.469049,58.5
2020-04-26 03:15:53.488640,59.1
2020-04-26 03:15:54.503717,59.1
2020-04-26 03:15:55.518539,58.5
2020-04-26 03:15:56.533624,59.1
2020-04-26 03:15:57.548914,58.0
2020-04-26 03:15:58.568430,59.1
2020-04-26 03:15:59.583665,59.1
2020-04-26 03:16:00.598459,58.0
2020-04-26 03:16:01.613553,58.5
2020-04-26 03:16:02.628350,58.5
2020-04-26 03:16:03.648093,59.1
2020-04-26 03:16:04.663552,59.1
2020-04-26 03:16:05.678989,58.5
2020-04-26 03:16:06.694289,59.1
2020-04-26 03:16:07.709054,58.5
2020-04-26 03:16:08.728560,59.1
2020-04-26 03:16:09.743675,58.5
2020-04-26 03:16:10.759012,58.5
2020-04-26 03:16:11.774142,59.1
2020-04-26 03:16:12.789225,58.5
2020-04-26 03:16:13.808801,59.1
2020-04-26 03:16:14.823859,58.5
2020-04-26 03:16:15.838832,59.1
2020-04-26 03:16:16.854057,58.5
2020-04-26 03:16:17.869155,58.5
2020-04-26 03:16:18.888726,59.1
2020-04-26 03:16:19.904440,58.0
2020-04-26 03:16:20.919583,58.5
2020-04-26 03:16:21.935498,58.0
2020-04-26 03:16:22.951244,58.0
2020-04-26 03:16:23.966573,59.1
2020-04-26 03:16:24.982492,58.5
2020-04-26 03:16:25.997553,58.0
2020-04-26 03:16:27.012616,59.1
2020-04-26 03:16:28.027287,59.1
2020-04-26 03:16:29.042438,59.1
2020-04-26 03:16:30.061668,58.5
2020-04-26 03:16:31.076519,59.1
2020-04-26 03:16:32.091553,59.1
2020-04-26 03:16:33.106420,58.5
2020-04-26 03:16:34.121185,58.0
2020-04-26 03:16:35.140685,59.1
2020-04-26 03:16:36.155555,58.5
2020-04-26 03:16:37.170689,58.5
2020-04-26 03:16:38.185714,58.5
2020-04-26 03:16:39.200580,59.1
2020-04-26 03:16:40.220227,58.0
2020-04-26 03:16:41.235453,59.1
2020-04-26 03:16:42.250521,58.0
2020-04-26 03:16:43.265707,58.5
2020-04-26 03:16:44.280688,58.0
2020-04-26 03:16:45.300441,59.1
2020-04-26 03:16:46.316079,59.1
2020-04-26 03:16:47.331526,58.5
2020-04-26 03:16:48.346049,58.5
2020-04-26 03:16:49.360292,58.5
2020-04-26 03:16:50.374915,58.0
2020-04-26 03:16:51.389787,58.5
2020-04-26 03:16:52.404376,59.1
2020-04-26 03:16:53.419129,58.5
2020-04-26 03:16:54.434010,59.1
2020-04-26 03:16:55.448673,59.1
2020-04-26 03:16:56.463945,58.0
2020-04-26 03:16:57.479264,58.0
2020-04-26 03:16:58.494771,58.5
2020-04-26 03:16:59.510046,58.5
2020-04-26 03:17:00.525400,58.5
2020-04-26 03:17:01.540313,58.5
2020-04-26 03:17:02.561756,59.1
2020-04-26 03:17:03.576975,59.1
2020-04-26 03:17:04.591899,58.5
2020-04-26 03:17:05.606929,58.0
2020-04-26 03:17:06.621912,59.1
2020-04-26 03:17:07.636681,59.1
2020-04-26 03:17:08.651913,58.0
2020-04-26 03:17:09.666862,58.5
2020-04-26 03:17:10.681958,58.5
2020-04-26 03:17:11.696788,59.1
2020-04-26 03:17:12.716585,58.0
2020-04-26 03:17:13.731798,59.1
2020-04-26 03:17:14.746769,59.1
2020-04-26 03:17:15.761822,58.5
2020-04-26 03:17:16.777600,59.1
2020-04-26 03:17:17.793182,58.5
2020-04-26 03:17:18.808264,59.1
2020-04-26 03:17:19.823366,58.5
2020-04-26 03:17:20.838416,59.1
2020-04-26 03:17:21.853660,58.5
2020-04-26 03:17:22.868812,58.5
2020-04-26 03:17:23.884004,58.5
2020-04-26 03:17:24.899920,59.1
2020-04-26 03:17:25.914844,59.1
2020-04-26 03:17:26.930093,59.1
2020-04-26 03:17:27.945150,58.5
2020-04-26 03:17:28.960239,58.0
2020-04-26 03:17:29.980317,59.1
2020-04-26 03:17:30.995277,58.5
2020-04-26 03:17:32.010554,59.1
2020-04-26 03:17:33.025573,58.0
2020-04-26 03:17:34.040815,58.5
2020-04-26 03:17:35.060315,58.5
2020-04-26 03:17:36.075536,58.0
2020-04-26 03:17:37.091100,58.5
2020-04-26 03:17:38.105685,58.5
2020-04-26 03:17:39.120295,58.5
2020-04-26 03:17:40.134897,58.5
2020-04-26 03:17:41.150041,58.5
2020-04-26 03:17:42.164784,58.0
2020-04-26 03:17:43.179997,58.0
2020-04-26 03:17:44.194760,58.5
2020-04-26 03:17:45.209799,59.1
2020-04-26 03:17:46.224639,58.0
2020-04-26 03:17:47.239940,58.5
2020-04-26 03:17:48.254835,58.0
2020-04-26 03:17:49.269949,59.1
2020-04-26 03:17:50.284693,58.0
2020-04-26 03:17:51.299821,58.5
2020-04-26 03:17:52.314662,59.1
2020-04-26 03:17:53.329485,58.5
